species_id,common_name,scientific_name,life_type,category,feeding_status,environment_status,space_status,social_status,care_status,gap_fields,commonness_proxy,risk_proxy,priority_score
"sp_0001","极火虾","Neocaridina davidi var. Red","invertebrate","虾螺蟹","reviewed_unknown","reviewed_unknown","reviewed_unknown","reviewed_unknown","reviewed_unknown","","launch_cohort","elevated","9"
"sp_0002","水晶虾","Caridina cantonensis var.","invertebrate","虾螺蟹","reviewed_unknown","reviewed_unknown","reviewed_unknown","reviewed_unknown","reviewed_unknown","","launch_cohort","elevated","9"
"sp_0003","苏拉威西虾","Caridina dennerli","invertebrate","虾螺蟹","reviewed_unknown","reviewed_unknown","reviewed_unknown","reviewed_unknown","reviewed_unknown","","catalog_only","standard","0"
"sp_0004","洋葱螺","Vittina turrita","invertebrate","虾螺蟹","reviewed_unknown","reviewed_unknown","reviewed_unknown","reviewed_unknown","reviewed_unknown","","catalog_only","standard","0"
"sp_0005","角螺","Clithon corona","invertebrate","虾螺蟹","reviewed_unknown","reviewed_unknown","reviewed_unknown","reviewed_unknown","reviewed_unknown","","catalog_only","standard","0"
"sp_0006","恶魔蟹","Geosesarma dennerle","invertebrate","虾螺蟹","reviewed_unknown","reviewed_unknown","reviewed_unknown","reviewed_unknown","reviewed_unknown","","catalog_only","elevated","3"
"sp_0007","六角恐龙","Ambystoma mexicanum","reptile","两栖/爬宠","reviewed_unknown","reviewed_unknown","reviewed_unknown","reviewed_unknown","reviewed_unknown","","catalog_only","elevated","3"
"sp_0008","东方蝾螈","Cynops orientalis","reptile","两栖/爬宠","reviewed_unknown","reviewed_unknown","reviewed_unknown","reviewed_unknown","reviewed_unknown","","catalog_only","elevated","3"
"sp_0009","角蛙","Ceratophrys ornata","reptile","两栖/爬宠","reviewed_unknown","reviewed_unknown","reviewed_unknown","reviewed_unknown","reviewed_unknown","","catalog_only","elevated","3"
"sp_0010","黑裙鱼","Gymnocorymbus ternetzi","fish","灯科鱼","needs_research","reviewed_supported","reviewed_supported","reviewed_supported","reviewed_supported","feeding","launch_cohort","elevated","14"
"sp_0011","月光鱼","Xiphophorus maculatus","fish","鱼类","needs_research","reviewed_supported","reviewed_supported","reviewed_supported","reviewed_supported","feeding","launch_cohort","elevated","14"
"sp_0012","樱桃灯","Puntius titteya","fish","灯科鱼","needs_research","reviewed_supported","reviewed_supported","reviewed_supported","template_only","feeding|care","launch_cohort","elevated","18"
"sp_0013","小精灵","Otocinclus vittatus","fish","鲶鱼/异型","template_only","reviewed_supported","reviewed_supported","reviewed_supported","template_only","feeding|care","launch_cohort","elevated","17"
"sp_0014","咖啡鼠","Corydoras aeneus","fish","鲶鱼/异型","reviewed_unknown","needs_research","reviewed_supported","reviewed_supported","reviewed_unknown","environment","launch_cohort","elevated","14"
"sp_0015","接吻鱼","Helostoma temminkii","fish","鱼类","reviewed_unknown","reviewed_unknown","reviewed_unknown","reviewed_unknown","reviewed_unknown","","catalog_only","elevated","3"
"sp_0016","金波子","Mikrogeophagus ramirezi var. Gold","fish","慈鲷/斗鱼","reviewed_supported","reviewed_supported","reviewed_supported","reviewed_supported","reviewed_supported","","launch_cohort","elevated","9"
"sp_0017","阿卡西短鲷","Apistogramma agassizii","fish","慈鲷/斗鱼","needs_research","reviewed_supported","reviewed_supported","reviewed_supported","reviewed_supported","feeding","catalog_only","elevated","8"
"sp_0018","蓝王子","Chindongo socolofi","fish","慈鲷/斗鱼","reviewed_unknown","reviewed_unknown","reviewed_unknown","reviewed_unknown","reviewed_unknown","","catalog_only","elevated","3"
"sp_0019","埃及神仙","Pterophyllum altum","fish","慈鲷/斗鱼","reviewed_unknown","reviewed_unknown","reviewed_unknown","reviewed_unknown","reviewed_unknown","","catalog_only","elevated","3"
"sp_0020","刚果美人","Phenacogrammus interruptus","fish","鱼类","template_only","reviewed_supported","reviewed_supported","reviewed_supported","reviewed_supported","feeding","catalog_only","elevated","7"
"sp_0021","迷你鹦鹉鱼","Amatitlania nigrofasciata var.","fish","慈鲷/斗鱼","reviewed_unknown","reviewed_unknown","reviewed_unknown","reviewed_unknown","reviewed_unknown","","launch_cohort","elevated","9"
"sp_0022","红利","Lutjanus kasmira","fish","海水鱼","reviewed_unknown","reviewed_unknown","reviewed_unknown","reviewed_unknown","reviewed_unknown","","catalog_only","elevated","3"
"sp_0023","黄倒吊","Zebrasoma flavescens","fish","海水鱼","reviewed_unknown","reviewed_unknown","reviewed_unknown","reviewed_unknown","reviewed_unknown","","catalog_only","elevated","3"
"sp_0024","蓝倒吊","Paracanthurus hepatus","fish","海水鱼","reviewed_unknown","reviewed_unknown","reviewed_unknown","reviewed_unknown","reviewed_unknown","","catalog_only","elevated","3"
"sp_0025","泗水玫瑰","Pterapogon kauderni","fish","海水鱼","reviewed_unknown","reviewed_unknown","reviewed_unknown","reviewed_unknown","reviewed_unknown","","catalog_only","standard","0"
"sp_0026","清道夫","Hypostomus plecostomus","fish","鲶鱼/异型","reviewed_unknown","reviewed_unknown","reviewed_unknown","reviewed_unknown","reviewed_unknown","","catalog_only","elevated","3"
"sp_0027","极火虾","Neocaridina davidi var. Red","invertebrate","虾螺蟹","template_only","needs_research","inherited_reviewed","inherited_reviewed","template_only","feeding|environment|care","catalog_only","elevated","16"
"sp_0028","水晶虾","Caridina cantonensis var.","invertebrate","虾螺蟹","needs_research","needs_research","inherited_reviewed","inherited_reviewed","template_only","feeding|environment|care","catalog_only","elevated","17"
"sp_0029","苏拉威西虾","Caridina dennerli","invertebrate","虾螺蟹","reviewed_unknown","reviewed_unknown","reviewed_unknown","reviewed_unknown","reviewed_unknown","","catalog_only","standard","0"
"sp_0030","黄金米虾","Neocaridina davidi var. Yellow","invertebrate","虾螺蟹","needs_research","needs_research","inherited_reviewed","inherited_reviewed","template_only","feeding|environment|care","catalog_only","elevated","17"
"sp_0031","蓝丝绒米虾","Neocaridina davidi var. Blue","invertebrate","虾螺蟹","needs_research","needs_research","inherited_reviewed","inherited_reviewed","template_only","feeding|environment|care","catalog_only","elevated","17"
"sp_0032","洋葱螺","Vittina turrita","invertebrate","虾螺蟹","reviewed_unknown","reviewed_unknown","reviewed_unknown","reviewed_unknown","reviewed_unknown","","catalog_only","standard","0"
"sp_0033","角螺","Clithon corona","invertebrate","虾螺蟹","reviewed_unknown","reviewed_unknown","reviewed_unknown","reviewed_unknown","reviewed_unknown","","catalog_only","standard","0"
"sp_0034","兔螺","Tylomelania sp.","invertebrate","虾螺蟹","reviewed_unknown","reviewed_unknown","reviewed_unknown","reviewed_unknown","reviewed_unknown","","catalog_only","standard","0"
"sp_0035","恶魔蟹","Geosesarma dennerle","invertebrate","虾螺蟹","reviewed_unknown","reviewed_unknown","reviewed_unknown","reviewed_unknown","reviewed_unknown","","catalog_only","elevated","3"
"sp_0036","豹点螺","Neritina turrita var.","invertebrate","虾螺蟹","reviewed_unknown","reviewed_unknown","reviewed_unknown","reviewed_unknown","reviewed_unknown","","catalog_only","standard","0"
"sp_0037","大鳍鱊","Acheilognathus macropterus","fish","鱼类","reviewed_unknown","reviewed_unknown","reviewed_unknown","reviewed_unknown","reviewed_unknown","","catalog_only","standard","0"
"sp_0038","马口鱼","Opsariichthys bidens","fish","鱼类","reviewed_unknown","reviewed_unknown","reviewed_unknown","reviewed_unknown","reviewed_unknown","","catalog_only","elevated","3"
"sp_0039","方氏拟腹吸鳅","Pseudogastromyzon fangi","fish","鱼类","reviewed_unknown","reviewed_unknown","reviewed_unknown","reviewed_unknown","reviewed_unknown","","catalog_only","standard","0"
"sp_0040","中华花鳅","Cobitis sinensis","fish","鱼类","reviewed_unknown","reviewed_unknown","reviewed_unknown","reviewed_unknown","reviewed_unknown","","catalog_only","standard","0"
"sp_0041","棒花鱼","Abbottina rivularis","fish","鱼类","reviewed_unknown","reviewed_unknown","reviewed_unknown","reviewed_unknown","reviewed_unknown","","catalog_only","standard","0"
"sp_0042","麦穗鱼","Pseudorasbora parva","fish","鱼类","reviewed_unknown","reviewed_unknown","reviewed_unknown","reviewed_unknown","reviewed_unknown","","catalog_only","elevated","3"
"sp_0043","圆尾斗鱼","Macropodus ocellatus","fish","慈鲷/斗鱼","reviewed_unknown","reviewed_unknown","reviewed_unknown","reviewed_unknown","reviewed_unknown","","catalog_only","elevated","3"
"sp_0044","黑叉尾斗鱼","Macropodus spechti","fish","慈鲷/斗鱼","reviewed_unknown","reviewed_unknown","reviewed_unknown","reviewed_unknown","reviewed_unknown","","catalog_only","elevated","3"
"sp_0045","越南爬岩鳅","Sewellia lineolata","fish","鱼类","template_only","reviewed_supported","reviewed_supported","reviewed_supported","reviewed_supported","feeding","catalog_only","elevated","7"
"sp_0046","中华细鲫","Aphyocypris chinensis","fish","鱼类","reviewed_unknown","reviewed_unknown","reviewed_unknown","reviewed_unknown","reviewed_unknown","","catalog_only","standard","0"
"sp_0047","长臀鮠","Pseudobagrus fulvidraco","fish","鱼类","reviewed_unknown","reviewed_unknown","reviewed_unknown","reviewed_unknown","reviewed_unknown","","catalog_only","elevated","3"
"sp_0048","大刺鳅","Mastacembelus armatus","fish","鱼类","reviewed_unknown","reviewed_unknown","reviewed_unknown","reviewed_unknown","reviewed_unknown","","catalog_only","elevated","3"
"sp_0049","珍珠赤雷龙","Channa asiatica","fish","鱼类","reviewed_unknown","reviewed_unknown","reviewed_unknown","reviewed_unknown","reviewed_unknown","","launch_cohort","elevated","9"
"sp_0050","巴卡雷龙","Channa barca","fish","鱼类","reviewed_unknown","reviewed_unknown","reviewed_unknown","reviewed_unknown","reviewed_unknown","","catalog_only","elevated","3"
"sp_0051","光唇鱼","Acrossocheilus fasciatus","fish","鱼类","reviewed_unknown","reviewed_unknown","reviewed_unknown","reviewed_unknown","reviewed_unknown","","catalog_only","elevated","3"
"sp_0052","月光鼠","Corydoras hastatus","fish","鲶鱼/异型","reviewed_unknown","reviewed_supported","reviewed_supported","reviewed_supported","reviewed_unknown","","catalog_only","standard","0"
"sp_0053","精灵鼠","Corydoras pygmaeus","fish","鲶鱼/异型","needs_research","reviewed_supported","reviewed_supported","reviewed_supported","template_only","feeding|care","catalog_only","elevated","12"
"sp_0054","红宝石鱼","Hemichromis bimaculatus","fish","硬景/底床","reviewed_unknown","reviewed_unknown","reviewed_unknown","reviewed_unknown","reviewed_unknown","","catalog_only","elevated","3"
"sp_0055","金刚鹦鹉鱼","Cichlasoma var.","fish","慈鲷/斗鱼","reviewed_unknown","reviewed_unknown","reviewed_unknown","reviewed_unknown","reviewed_unknown","","catalog_only","elevated","3"
"sp_0056","菠萝鱼","Heros severus","fish","慈鲷/斗鱼","reviewed_unknown","reviewed_unknown","reviewed_unknown","reviewed_unknown","reviewed_unknown","","catalog_only","elevated","3"
"sp_0057","珍珠虎","Altolamprologus calvus","fish","海水鱼","reviewed_unknown","reviewed_unknown","reviewed_unknown","reviewed_unknown","reviewed_unknown","","catalog_only","elevated","3"
"sp_0058","九间贝","Neolamprologus multifasciatus","fish","海水鱼","reviewed_unknown","reviewed_unknown","reviewed_unknown","reviewed_unknown","reviewed_unknown","","catalog_only","elevated","3"
"sp_0059","天堂鱼","Macropodus opercularis","fish","鱼类","reviewed_unknown","reviewed_unknown","reviewed_unknown","reviewed_unknown","reviewed_unknown","","catalog_only","elevated","3"
"sp_0060","巧克力曼龙","Sphaerichthys osphromenoides","fish","鱼类","reviewed_unknown","reviewed_unknown","reviewed_unknown","reviewed_unknown","reviewed_unknown","","catalog_only","standard","0"
"sp_0061","飞凤鱼","Semaprochilodus insignis","fish","鱼类","reviewed_unknown","reviewed_unknown","reviewed_unknown","reviewed_unknown","reviewed_unknown","","catalog_only","standard","0"
"sp_0062","红眼灯","Moenkhausia sanctaefilomenae","fish","灯科鱼","reviewed_unknown","reviewed_unknown","reviewed_unknown","reviewed_unknown","reviewed_unknown","","catalog_only","elevated","3"
"sp_0063","兰寿金鱼","Carassius auratus var. Ranchu","fish","鱼类","reviewed_unknown","reviewed_unknown","reviewed_unknown","reviewed_unknown","reviewed_unknown","","catalog_only","standard","0"
"sp_0064","泰狮金鱼","Carassius auratus var. Oranda","fish","鱼类","reviewed_unknown","reviewed_unknown","reviewed_unknown","reviewed_unknown","reviewed_unknown","","catalog_only","standard","0"
"sp_0065","蝶尾金鱼","Carassius auratus var.","fish","鱼类","reviewed_unknown","reviewed_unknown","reviewed_unknown","reviewed_unknown","reviewed_unknown","","catalog_only","standard","0"
"sp_0066","鹤顶红金鱼","Carassius auratus var.","fish","鱼类","reviewed_unknown","reviewed_unknown","reviewed_unknown","reviewed_unknown","reviewed_unknown","","catalog_only","standard","0"
"sp_0067","珠鳞金鱼","Carassius auratus var.","fish","鱼类","reviewed_unknown","reviewed_unknown","reviewed_unknown","reviewed_unknown","reviewed_unknown","","catalog_only","standard","0"
"sp_0068","水泡金鱼","Carassius auratus var.","fish","鱼类","reviewed_unknown","reviewed_unknown","reviewed_unknown","reviewed_unknown","reviewed_unknown","","catalog_only","standard","0"
"sp_0069","红白锦鲤","Cyprinus carpio var.","fish","鱼类","reviewed_unknown","reviewed_unknown","reviewed_unknown","reviewed_unknown","reviewed_unknown","","catalog_only","elevated","3"
"sp_0070","蝴蝶鲤","Cyprinus carpio var. Longfin","fish","鱼类","reviewed_unknown","reviewed_unknown","reviewed_unknown","reviewed_unknown","reviewed_unknown","","catalog_only","elevated","3"
"sp_0071","迷你矮珍珠","Hemianthus callitrichoides","plant","鱼类","not_applicable","needs_research","needs_research","not_applicable","reviewed_supported","environment|space","catalog_only","standard","10"
"sp_0072","牛毛毡","Eleocharis acicularis","plant","鱼类","not_applicable","needs_research","needs_research","not_applicable","reviewed_supported","environment|space","catalog_only","standard","10"
"sp_0073","挖耳草","Utricularia graminifolia","plant","水草","not_applicable","needs_research","needs_research","not_applicable","reviewed_supported","environment|space","catalog_only","standard","10"
"sp_0074","辣椒榕","Bucephalandra sp.","plant","水草","not_applicable","needs_research","needs_research","not_applicable","reviewed_supported","environment|space","catalog_only","standard","10"
"sp_0075","迷你榕","Anubias barteri var. nana","plant","水草","not_applicable","needs_research","needs_research","not_applicable","reviewed_supported","environment|space","catalog_only","standard","10"
"sp_0076","小水榕","Anubias barteri var. nana 'Petite'","plant","水草","not_applicable","needs_research","needs_research","not_applicable","reviewed_supported","environment|space","catalog_only","standard","10"
"sp_0077","绿菊","Cabomba caroliniana","fish","鱼类","reviewed_unknown","reviewed_unknown","reviewed_unknown","reviewed_unknown","reviewed_unknown","","catalog_only","standard","0"
"sp_0078","宫廷草","Rotala rotundifolia 'Green'","plant","水草","not_applicable","needs_research","needs_research","not_applicable","reviewed_supported","environment|space","catalog_only","standard","10"
"sp_0079","红宫廷","Rotala rotundifolia 'Red'","plant","鱼类","not_applicable","needs_research","needs_research","not_applicable","reviewed_supported","environment|space","catalog_only","standard","10"
"sp_0080","莫斯 (三角莫斯)","Vesicularia dubyana","plant","鱼类","not_applicable","needs_research","needs_research","not_applicable","reviewed_supported","environment|space","catalog_only","standard","10"
"sp_0081","铁皇冠","Microsorum pteropus","plant","鱼类","not_applicable","needs_research","needs_research","not_applicable","reviewed_supported","environment|space","catalog_only","standard","10"
"sp_0082","黑木蕨","Bolbitis heudelotii","plant","水草","not_applicable","needs_research","needs_research","not_applicable","reviewed_supported","environment|space","catalog_only","standard","10"
"sp_0083","绿温蒂椒草","Cryptocoryne wendtii 'Green'","plant","水草","not_applicable","needs_research","needs_research","not_applicable","reviewed_supported","environment|space","catalog_only","standard","10"
"sp_0084","大浪草","Aponogeton crispus","plant","水草","not_applicable","needs_research","needs_research","not_applicable","reviewed_supported","environment|space","catalog_only","standard","10"
"sp_0085","绿浮萍","Lemna minor","plant","水草","not_applicable","needs_research","needs_research","not_applicable","reviewed_supported","environment|space","catalog_only","standard","10"
"sp_0086","圆心萍","Limnobium laevigatum","plant","水草","not_applicable","needs_research","needs_research","not_applicable","reviewed_supported","environment|space","catalog_only","standard","10"
"sp_0087","蜈蚣草","Egeria densa","plant","水草","not_applicable","needs_research","needs_research","not_applicable","reviewed_supported","environment|space","catalog_only","standard","10"
"sp_0088","睡莲 (红荷根)","Nymphaea lotus","plant","鱼类","not_applicable","needs_research","needs_research","not_applicable","reviewed_supported","environment|space","catalog_only","standard","10"
"sp_0089","大宝塔","Limnophila aquatica","fish","鱼类","reviewed_unknown","reviewed_unknown","reviewed_unknown","reviewed_unknown","reviewed_unknown","","catalog_only","standard","0"
"sp_0090","细叶铁皇冠","Microsorum pteropus 'Narrow'","plant","鱼类","not_applicable","needs_research","needs_research","not_applicable","reviewed_supported","environment|space","catalog_only","standard","10"
"sp_0091","南美叉柱花","Staurogyne repens","plant","鱼类","not_applicable","needs_research","needs_research","not_applicable","reviewed_supported","environment|space","catalog_only","standard","10"
"sp_0092","红玫瑰","Ludwigia glandulosa","plant","鱼类","not_applicable","needs_research","needs_research","not_applicable","reviewed_supported","environment|space","catalog_only","standard","10"
"sp_0093","十字珍珠","Micranthemum umbrosum","plant","鱼类","not_applicable","needs_research","needs_research","not_applicable","reviewed_supported","environment|space","catalog_only","standard","10"
"sp_0094","大叶皇冠","Echinodorus amazonicus","plant","水草","not_applicable","needs_research","needs_research","not_applicable","reviewed_supported","environment|space","catalog_only","standard","10"
"sp_0095","细叶太阳","Ludwigia inclinata var. verticillata","plant","鱼类","not_applicable","needs_research","needs_research","not_applicable","reviewed_supported","environment|space","catalog_only","standard","10"
"sp_0096","虎耳草","Bacopa caroliniana","plant","水草","not_applicable","needs_research","needs_research","not_applicable","reviewed_supported","environment|space","catalog_only","standard","10"
"sp_0097","绿羽毛","Myriophyllum aquaticum","plant","鱼类","not_applicable","needs_research","needs_research","not_applicable","reviewed_supported","environment|space","catalog_only","standard","10"
"sp_0098","箦藻","Blyxa japonica","plant","水草","not_applicable","needs_research","needs_research","not_applicable","reviewed_supported","environment|space","catalog_only","standard","10"
"sp_0099","鹿角苔","Riccia fluitans","plant","鱼类","not_applicable","needs_research","needs_research","not_applicable","reviewed_supported","environment|space","catalog_only","standard","10"
"sp_0100","青丝绒莫斯","Vesicularia sp.","plant","鱼类","not_applicable","needs_research","needs_research","not_applicable","reviewed_supported","environment|space","catalog_only","standard","10"
"sp_0101","凤尾藓","Fissidens fontanus","plant","鱼类","not_applicable","needs_research","needs_research","not_applicable","reviewed_supported","environment|space","catalog_only","standard","10"
"sp_0102","大蜻蜓椒草","Cryptocoryne aponogetifolia","plant","水草","not_applicable","needs_research","needs_research","not_applicable","reviewed_supported","environment|space","catalog_only","standard","10"
"sp_0103","金龙鱼","Scleropages formosus","fish","鱼类","reviewed_unknown","reviewed_unknown","reviewed_unknown","reviewed_unknown","reviewed_unknown","","catalog_only","elevated","3"
"sp_0104","红龙鱼","Scleropages formosus var. Red","fish","鱼类","reviewed_unknown","reviewed_unknown","reviewed_unknown","reviewed_unknown","reviewed_unknown","","catalog_only","elevated","3"
"sp_0105","恐龙鱼 (大花)","Polypterus ornatipinnis","fish","鱼类","reviewed_unknown","reviewed_unknown","reviewed_unknown","reviewed_unknown","reviewed_unknown","","catalog_only","elevated","3"
"sp_0106","恐龙鱼 (草绳)","Erpetoichthys calabaricus","fish","鱼类","reviewed_unknown","reviewed_unknown","reviewed_unknown","reviewed_unknown","reviewed_unknown","","catalog_only","standard","0"
"sp_0107","飞凤鱼 (国旗飞凤)","Semaprochilodus taeniurus","fish","鱼类","reviewed_unknown","reviewed_unknown","reviewed_unknown","reviewed_unknown","reviewed_unknown","","catalog_only","standard","0"
"sp_0108","彩虹雷龙","Channa bleheri","fish","鱼类","reviewed_unknown","reviewed_unknown","reviewed_unknown","reviewed_unknown","reviewed_unknown","","catalog_only","elevated","3"
"sp_0109","眼镜蛇雷龙","Channa aurantimaculata","fish","鱼类","reviewed_unknown","reviewed_unknown","reviewed_unknown","reviewed_unknown","reviewed_unknown","","catalog_only","elevated","3"
"sp_0110","蓝月光雷龙","Channa lorti","fish","鱼类","reviewed_unknown","reviewed_unknown","reviewed_unknown","reviewed_unknown","reviewed_unknown","","catalog_only","elevated","3"
"sp_0111","亚洲红鼻","Sawbwa resplendens","fish","鱼类","reviewed_unknown","reviewed_unknown","reviewed_unknown","reviewed_unknown","reviewed_unknown","","catalog_only","standard","0"
"sp_0112","蓝眼灯","Poropanchax normani","fish","灯科鱼","reviewed_unknown","reviewed_supported","reviewed_supported","reviewed_unknown","reviewed_unknown","","catalog_only","standard","0"
"sp_0113","斑节鳉","Epiplatys annulatus","fish","鱼类","reviewed_unknown","reviewed_unknown","reviewed_unknown","reviewed_unknown","reviewed_unknown","","catalog_only","standard","0"
"sp_0114","红莲灯","Hyphessobrycon amandae","fish","灯科鱼","needs_research","reviewed_supported","reviewed_supported","reviewed_supported","template_only","feeding|care","catalog_only","elevated","12"
"sp_0115","琥珀灯","Hyphessobrycon amapaensis","fish","灯科鱼","reviewed_unknown","reviewed_supported","reviewed_supported","reviewed_unknown","reviewed_unknown","","catalog_only","standard","0"
"sp_0116","亚洲龙鱼 (青龙)","Scleropages formosus","fish","鱼类","reviewed_unknown","reviewed_unknown","reviewed_unknown","reviewed_unknown","reviewed_unknown","","catalog_only","elevated","3"
"sp_0117","银龙鱼","Osteoglossum bicirrhosum","fish","鱼类","reviewed_unknown","reviewed_unknown","reviewed_unknown","reviewed_unknown","reviewed_unknown","","catalog_only","elevated","3"
"sp_0118","黑龙鱼","Osteoglossum ferreirai","fish","鱼类","reviewed_unknown","reviewed_unknown","reviewed_unknown","reviewed_unknown","reviewed_unknown","","catalog_only","elevated","3"
"sp_0119","古代蝴蝶鱼","Pantodon buchholzi","fish","鱼类","reviewed_unknown","reviewed_unknown","reviewed_unknown","reviewed_unknown","reviewed_unknown","","catalog_only","elevated","3"
"sp_0120","电鳗 (观赏型)","Gymnotus carapo","fish","鱼类","reviewed_unknown","reviewed_unknown","reviewed_unknown","reviewed_unknown","reviewed_unknown","","catalog_only","elevated","3"
"sp_0121","黑斑马异型 (L134)","Peckoltia compta","fish","鲶鱼/异型","reviewed_unknown","reviewed_unknown","reviewed_unknown","reviewed_unknown","reviewed_unknown","","catalog_only","elevated","3"
"sp_0122","金线绿皮异型 (L190)","Panaque nigrolineatus","fish","鲶鱼/异型","reviewed_unknown","reviewed_unknown","reviewed_unknown","reviewed_unknown","reviewed_unknown","","catalog_only","elevated","3"
"sp_0123","女王异型 (L165)","Pterygoplichthys gibbiceps","fish","鲶鱼/异型","reviewed_unknown","reviewed_unknown","reviewed_unknown","reviewed_unknown","reviewed_unknown","","catalog_only","elevated","3"
"sp_0124","蓝眼胡子","Ancistrus sp.","fish","鲶鱼/异型","reviewed_unknown","reviewed_unknown","reviewed_unknown","reviewed_unknown","reviewed_unknown","","catalog_only","standard","0"
"sp_0125","雪球异型 (L102)","Hypancistrus inspector","fish","鲶鱼/异型","reviewed_unknown","reviewed_unknown","reviewed_unknown","reviewed_unknown","reviewed_unknown","","catalog_only","elevated","3"
"sp_0126","三间鼠","Chromobotia macracanthus","fish","鲶鱼/异型","template_only","reviewed_supported","reviewed_supported","reviewed_supported","reviewed_supported","feeding","catalog_only","elevated","7"
"sp_0127","巴基斯坦鼠","Botia almorhae","fish","鲶鱼/异型","reviewed_unknown","reviewed_unknown","reviewed_unknown","reviewed_unknown","reviewed_unknown","","catalog_only","elevated","3"
"sp_0128","吸鳅 (中国爬岩鳅)","Beaufortia kweichowensis","fish","鱼类","reviewed_unknown","reviewed_unknown","reviewed_unknown","reviewed_unknown","reviewed_unknown","","catalog_only","standard","0"
"sp_0129","宽鳍鱲 (溪流之王)","Zacco platypus","fish","鱼类","reviewed_unknown","reviewed_unknown","reviewed_unknown","reviewed_unknown","reviewed_unknown","","catalog_only","elevated","3"
"sp_0130","马口鱼","Opsariichthys bidens","fish","鱼类","reviewed_unknown","reviewed_unknown","reviewed_unknown","reviewed_unknown","reviewed_unknown","","catalog_only","elevated","3"
"sp_0131","刺鳅","Mastacembelus armatus","fish","鱼类","reviewed_unknown","reviewed_unknown","reviewed_unknown","reviewed_unknown","reviewed_unknown","","catalog_only","elevated","3"
"sp_0132","玻璃拉拉","Parambassis ranga","fish","鱼类","reviewed_unknown","reviewed_unknown","reviewed_unknown","reviewed_unknown","reviewed_unknown","","catalog_only","standard","0"
"sp_0133","红苹果美人","Glossolepis incisus","fish","鱼类","template_only","reviewed_supported","reviewed_supported","reviewed_supported","reviewed_supported","feeding","catalog_only","elevated","7"
"sp_0134","燕子美人","Iriatherina werneri","fish","鱼类","reviewed_unknown","reviewed_unknown","reviewed_unknown","reviewed_unknown","reviewed_unknown","","catalog_only","standard","0"
"sp_0135","霓虹燕子","Pseudomugil furcatus","fish","鱼类","reviewed_unknown","reviewed_unknown","reviewed_unknown","reviewed_unknown","reviewed_unknown","","catalog_only","standard","0"
"sp_0136","巧克力曼龙","Sphaerichthys osphromenoides","fish","鱼类","reviewed_unknown","reviewed_unknown","reviewed_unknown","reviewed_unknown","reviewed_unknown","","catalog_only","standard","0"
"sp_0137","飞凤鱼","Semaprochilodus insignis","fish","鱼类","reviewed_unknown","reviewed_unknown","reviewed_unknown","reviewed_unknown","reviewed_unknown","","catalog_only","standard","0"
"sp_0138","黑带好汉","Leporinus fasciatus","fish","鱼类","reviewed_unknown","reviewed_unknown","reviewed_unknown","reviewed_unknown","reviewed_unknown","","catalog_only","elevated","3"
"sp_0139","淡水白鲳","Piaractus brachypomus","fish","鱼类","reviewed_unknown","reviewed_unknown","reviewed_unknown","reviewed_unknown","reviewed_unknown","","catalog_only","elevated","3"
"sp_0140","黑斑水虎","Serrasalmus rhombeus","fish","鱼类","reviewed_unknown","reviewed_unknown","reviewed_unknown","reviewed_unknown","reviewed_unknown","","catalog_only","elevated","3"
"sp_0141","甜心柠檬灯","Hyphessobrycon pulchripinnis var.","fish","灯科鱼","reviewed_unknown","reviewed_unknown","reviewed_unknown","reviewed_unknown","reviewed_unknown","","catalog_only","standard","0"
"sp_0142","球鱼 (玛丽变种)","Poecilia sphenops var.","fish","鱼类","reviewed_unknown","reviewed_unknown","reviewed_unknown","reviewed_unknown","reviewed_unknown","","catalog_only","standard","0"
"sp_0143","红草尾孔雀鱼","Poecilia reticulata var.","fish","鱼类","reviewed_unknown","reviewed_unknown","reviewed_unknown","reviewed_unknown","reviewed_unknown","","catalog_only","standard","0"
"sp_0144","蓝草尾孔雀鱼","Poecilia reticulata var.","fish","鱼类","reviewed_unknown","reviewed_unknown","reviewed_unknown","reviewed_unknown","reviewed_unknown","","catalog_only","standard","0"
"sp_0145","大耳孔雀鱼","Poecilia reticulata var. Dumbo","fish","鱼类","reviewed_unknown","reviewed_unknown","reviewed_unknown","reviewed_unknown","reviewed_unknown","","catalog_only","standard","0"
"sp_0146","白金波子","Mikrogeophagus ramirezi var. Platinum","fish","慈鲷/斗鱼","reviewed_unknown","reviewed_unknown","reviewed_unknown","reviewed_unknown","reviewed_unknown","","catalog_only","elevated","3"
"sp_0147","蓝宝鹦鹉鱼","Amatitlania nigrofasciata var. Blue","fish","慈鲷/斗鱼","needs_research","needs_research","needs_research","inherited_reviewed","reviewed_supported","feeding|environment|space","catalog_only","elevated","18"
"sp_0148","雪玉鹦鹉鱼","Amatitlania nigrofasciata var. White","fish","慈鲷/斗鱼","needs_research","needs_research","needs_research","inherited_reviewed","reviewed_supported","feeding|environment|space","catalog_only","elevated","18"
"sp_0149","熊猫金鱼","Carassius auratus var. Panda","fish","鱼类","reviewed_unknown","reviewed_unknown","reviewed_unknown","reviewed_unknown","reviewed_unknown","","catalog_only","standard","0"
"sp_0150","短尾狮头金鱼","Carassius auratus var. Oranda","fish","鱼类","reviewed_unknown","reviewed_unknown","reviewed_unknown","reviewed_unknown","reviewed_unknown","","catalog_only","standard","0"
"sp_0151","彩色天使鱼（彩色裙鱼）","Gymnocorymbus ternetzi var. Color morph","fish","灯科鱼","reviewed_unknown","reviewed_unknown","reviewed_unknown","reviewed_unknown","reviewed_unknown","","catalog_only","elevated","3"
"sp_0152","荧光斑马鱼","Danio rerio var. GloFish","fish","鱼类","reviewed_unknown","reviewed_unknown","reviewed_unknown","reviewed_unknown","reviewed_unknown","","catalog_only","standard","0"
"sp_0153","球形珍珠马甲","Trichopodus leerii var. Balloon","fish","鱼类","reviewed_unknown","reviewed_unknown","reviewed_unknown","reviewed_unknown","reviewed_unknown","","catalog_only","standard","0"
"sp_0154","红鼻灯 (改良)","Hemigrammus bleheri var.","fish","灯科鱼","reviewed_unknown","reviewed_unknown","reviewed_unknown","reviewed_unknown","reviewed_unknown","","catalog_only","standard","0"
"sp_0155","长鳍红绿灯","Paracheirodon innesi var.","fish","灯科鱼","reviewed_unknown","reviewed_unknown","reviewed_unknown","reviewed_unknown","reviewed_unknown","","catalog_only","standard","0"
"sp_0156","白金蓝曼龙","Trichopodus trichopterus var. Platinum","fish","鱼类","reviewed_unknown","reviewed_unknown","reviewed_unknown","reviewed_unknown","reviewed_unknown","","catalog_only","elevated","3"
"sp_0157","蓝宝石短鲷","Mikrogeophagus ramirezi var. Blue","fish","硬景/底床","reviewed_unknown","reviewed_unknown","reviewed_unknown","reviewed_unknown","reviewed_unknown","","catalog_only","elevated","3"
"sp_0158","红苹果剑尾","Xiphophorus hellerii var.","fish","鱼类","reviewed_unknown","reviewed_unknown","reviewed_unknown","reviewed_unknown","reviewed_unknown","","catalog_only","elevated","3"
"sp_0159","黄金胡子 (异型变种)","Ancistrus sp. Gold","fish","鲶鱼/异型","reviewed_unknown","reviewed_unknown","reviewed_unknown","reviewed_unknown","reviewed_unknown","","catalog_only","standard","0"
"sp_0160","大帆白金胡子","Ancistrus sp. Longfin Platinum","fish","鲶鱼/异型","reviewed_unknown","reviewed_unknown","reviewed_unknown","reviewed_unknown","reviewed_unknown","","catalog_only","standard","0"
"sp_0161","巧克力皮球","Poecilia sphenops var. Chocolate","fish","鱼类","reviewed_unknown","reviewed_unknown","reviewed_unknown","reviewed_unknown","reviewed_unknown","","catalog_only","standard","0"
"sp_0162","红草鱼","Carassius auratus var.","fish","鱼类","reviewed_unknown","reviewed_unknown","reviewed_unknown","reviewed_unknown","reviewed_unknown","","catalog_only","standard","0"
"sp_0163","鸿运当头锦鲤","Cyprinus carpio var. Kohaku","fish","鱼类","reviewed_unknown","reviewed_unknown","reviewed_unknown","reviewed_unknown","reviewed_unknown","","catalog_only","elevated","3"
"sp_0164","黑金刚米虾","Neocaridina davidi var. Black","invertebrate","虾螺蟹","needs_research","needs_research","inherited_reviewed","inherited_reviewed","template_only","feeding|environment|care","catalog_only","elevated","17"
"sp_0165","黄金背米虾","Neocaridina davidi var. Yellow Line","invertebrate","虾螺蟹","needs_research","needs_research","inherited_reviewed","inherited_reviewed","template_only","feeding|environment|care","catalog_only","elevated","17"
"sp_0166","极火米虾 (高等级)","Neocaridina davidi var. Fire Red","invertebrate","虾螺蟹","needs_research","needs_research","inherited_reviewed","inherited_reviewed","template_only","feeding|environment|care","catalog_only","elevated","17"
"sp_0167","球形红鼻剪刀","Hemigrammus bleheri var. Balloon","fish","灯科鱼","reviewed_unknown","reviewed_unknown","reviewed_unknown","reviewed_unknown","reviewed_unknown","","catalog_only","standard","0"
"sp_0168","金玛丽","Poecilia latipinna var. Gold","fish","鱼类","reviewed_unknown","reviewed_unknown","reviewed_unknown","reviewed_unknown","reviewed_unknown","","catalog_only","standard","0"
"sp_0169","银玛丽","Poecilia latipinna var. Silver","fish","鱼类","reviewed_unknown","reviewed_unknown","reviewed_unknown","reviewed_unknown","reviewed_unknown","","catalog_only","standard","0"
"sp_0170","黑金刚孔雀鱼","Poecilia reticulata var. Full Black","fish","鱼类","reviewed_unknown","reviewed_unknown","reviewed_unknown","reviewed_unknown","reviewed_unknown","","catalog_only","standard","0"
"sp_0171","白玉金丝鱼","Tanichthys albonubes var. Albino","fish","鱼类","reviewed_unknown","reviewed_unknown","reviewed_unknown","reviewed_unknown","reviewed_unknown","","catalog_only","standard","0"
"sp_0172","长鳍白云金丝","Tanichthys albonubes var. Longfin","fish","鱼类","reviewed_unknown","reviewed_unknown","reviewed_unknown","reviewed_unknown","reviewed_unknown","","catalog_only","standard","0"
"sp_0173","黄金河虎","Salminus brasiliensis var.","fish","灯科鱼","reviewed_unknown","reviewed_unknown","reviewed_unknown","reviewed_unknown","reviewed_unknown","","catalog_only","elevated","3"
"sp_0174","红眼白子红裙","Gymnocorymbus ternetzi var. Albino","fish","灯科鱼","reviewed_unknown","reviewed_unknown","reviewed_unknown","reviewed_unknown","reviewed_unknown","","catalog_only","elevated","3"
"sp_0175","血钻神仙","Pterophyllum scalare var. Red","fish","慈鲷/斗鱼","reviewed_unknown","reviewed_unknown","reviewed_unknown","reviewed_unknown","reviewed_unknown","","catalog_only","elevated","3"
"sp_0176","黑白大理石神仙","Pterophyllum scalare var. Marble","fish","硬景/底床","reviewed_unknown","reviewed_unknown","reviewed_unknown","reviewed_unknown","reviewed_unknown","","catalog_only","elevated","3"
"sp_0177","红眼蓝钻神仙","Pterophyllum scalare var. Blue","fish","慈鲷/斗鱼","reviewed_unknown","reviewed_unknown","reviewed_unknown","reviewed_unknown","reviewed_unknown","","catalog_only","elevated","3"
"sp_0178","熊猫神仙","Pterophyllum scalare var. Panda","fish","慈鲷/斗鱼","reviewed_unknown","reviewed_unknown","reviewed_unknown","reviewed_unknown","reviewed_unknown","","catalog_only","elevated","3"
"sp_0179","球形曼龙 (蓝/金)","Trichopodus trichopterus var. Balloon","fish","鱼类","reviewed_unknown","reviewed_unknown","reviewed_unknown","reviewed_unknown","reviewed_unknown","","catalog_only","elevated","3"
"sp_0180","龙睛金鱼","Carassius auratus var. Telescopes","fish","鱼类","reviewed_unknown","reviewed_unknown","reviewed_unknown","reviewed_unknown","reviewed_unknown","","catalog_only","standard","0"
"sp_0181","象鼻鱼","Gnathonemus petersii","fish","鱼类","reviewed_unknown","reviewed_unknown","reviewed_unknown","reviewed_unknown","reviewed_unknown","","catalog_only","elevated","3"
"sp_0182","蓝眼异型 (L191)","Panaque sp. L191","fish","鲶鱼/异型","reviewed_unknown","reviewed_unknown","reviewed_unknown","reviewed_unknown","reviewed_unknown","","catalog_only","elevated","3"
"sp_0183","红纹拟鳞鲀 (红尾炮弹)","Xanthichthys mento","fish","海水鱼","reviewed_unknown","reviewed_unknown","reviewed_unknown","reviewed_unknown","reviewed_unknown","","catalog_only","elevated","3"
"sp_0184","黄头仙","Centropyge heraldi","fish","海水鱼","reviewed_unknown","reviewed_unknown","reviewed_unknown","reviewed_unknown","reviewed_unknown","","catalog_only","elevated","3"
"sp_0185","蓝环神仙","Pomacanthus annularis","fish","海水鱼","reviewed_unknown","reviewed_unknown","reviewed_unknown","reviewed_unknown","reviewed_unknown","","catalog_only","elevated","3"
"sp_0186","人字蝶","Chaetodon auriga","fish","海水鱼","reviewed_unknown","reviewed_unknown","reviewed_unknown","reviewed_unknown","reviewed_unknown","","catalog_only","standard","0"
"sp_0187","蓝魔鬼","Chrysiptera cyanea","fish","海水鱼","reviewed_unknown","reviewed_unknown","reviewed_unknown","reviewed_unknown","reviewed_unknown","","catalog_only","elevated","3"
"sp_0188","清洁虾 (医生虾)","Lysmata amboinensis","invertebrate","海水鱼","reviewed_unknown","reviewed_unknown","reviewed_unknown","reviewed_unknown","reviewed_unknown","","catalog_only","standard","0"
"sp_0189","性感虾","Thor amboinensis","invertebrate","海水鱼","reviewed_unknown","reviewed_unknown","reviewed_unknown","reviewed_unknown","reviewed_unknown","","catalog_only","standard","0"
"sp_0190","薄荷虾","Lysmata boggesi","invertebrate","海水鱼","reviewed_unknown","reviewed_unknown","reviewed_unknown","reviewed_unknown","reviewed_unknown","","catalog_only","standard","0"
"sp_0191","寄居蟹 (红脚)","Paguristes cadenati","invertebrate","海水鱼","reviewed_unknown","reviewed_unknown","reviewed_unknown","reviewed_unknown","reviewed_unknown","","catalog_only","standard","0"
"sp_0192","海葵 (奶嘴)","Entacmaea quadricolor","coral","珊瑚/海水无脊椎","reviewed_unknown","reviewed_unknown","reviewed_unknown","reviewed_unknown","reviewed_unknown","","catalog_only","standard","0"
"sp_0193","地毯海葵","Stichodactyla haddoni","coral","珊瑚/海水无脊椎","reviewed_unknown","reviewed_unknown","reviewed_unknown","reviewed_unknown","reviewed_unknown","","catalog_only","standard","0"
"sp_0194","管虫 (硬管)","Protula bispiralis","coral","海水鱼","template_only","needs_research","needs_research","needs_research","reviewed_supported","feeding|environment|space|social","catalog_only","standard","19"
"sp_0195","海星 (翻砂)","Astropecten polyacanthus","coral","海水鱼","template_only","needs_research","needs_research","needs_research","reviewed_supported","feeding|environment|space|social","catalog_only","standard","19"
"sp_0196","一眉道人 (黄金型)","Sahyadria denisonii var. Gold","fish","鱼类","reviewed_unknown","reviewed_unknown","reviewed_unknown","reviewed_unknown","reviewed_unknown","","catalog_only","standard","0"
"sp_0197","蓝宝石雷龙","Channa stewartii","fish","硬景/底床","reviewed_unknown","reviewed_unknown","reviewed_unknown","reviewed_unknown","reviewed_unknown","","catalog_only","elevated","3"
"sp_0198","红宝石雷龙","Channa diplogramma","fish","硬景/底床","reviewed_unknown","reviewed_unknown","reviewed_unknown","reviewed_unknown","reviewed_unknown","","catalog_only","elevated","3"
"sp_0199","珍珠麒麟","Badis badis","fish","鱼类","reviewed_unknown","reviewed_unknown","reviewed_unknown","reviewed_unknown","reviewed_unknown","","catalog_only","elevated","3"
"sp_0200","变色鱼 (喷火麒麟)","Dario dario","fish","鱼类","reviewed_unknown","reviewed_unknown","reviewed_unknown","reviewed_unknown","reviewed_unknown","","catalog_only","elevated","3"
"sp_0201","黑白双星异型 (L240)","Leporacanthicus cf. galaxias","fish","鲶鱼/异型","reviewed_unknown","reviewed_unknown","reviewed_unknown","reviewed_unknown","reviewed_unknown","","catalog_only","elevated","3"
"sp_0202","黄金美洲豹异型 (L014)","Scobinancistrus aureatus","fish","鲶鱼/异型","reviewed_unknown","reviewed_unknown","reviewed_unknown","reviewed_unknown","reviewed_unknown","","catalog_only","elevated","3"
"sp_0203","绿赏皮球","Poecilia sphenops var. Green","fish","鱼类","reviewed_unknown","reviewed_unknown","reviewed_unknown","reviewed_unknown","reviewed_unknown","","catalog_only","standard","0"
"sp_0204","黑金刚红鼻剪刀","Hemigrammus bleheri var.","fish","灯科鱼","reviewed_unknown","reviewed_unknown","reviewed_unknown","reviewed_unknown","reviewed_unknown","","catalog_only","standard","0"
"sp_0205","紫艳红莲灯","Hyphessobrycon herbertaxelrodi var.","fish","灯科鱼","reviewed_unknown","reviewed_unknown","reviewed_unknown","reviewed_unknown","reviewed_unknown","","catalog_only","standard","0"
"sp_0206","电光红绿灯","Paracheirodon innesi var. Diamond","fish","灯科鱼","reviewed_unknown","reviewed_unknown","reviewed_unknown","reviewed_unknown","reviewed_unknown","","catalog_only","standard","0"
"sp_0207","白金黑裙","Gymnocorymbus ternetzi var. White","fish","灯科鱼","reviewed_unknown","reviewed_unknown","reviewed_unknown","reviewed_unknown","reviewed_unknown","","catalog_only","elevated","3"
"sp_0208","球形红十字","Aphyocharax anisitsi var. Balloon","fish","灯科鱼","reviewed_unknown","reviewed_unknown","reviewed_unknown","reviewed_unknown","reviewed_unknown","","catalog_only","elevated","3"
"sp_0209","血玛丽鱼","Poecilia latipinna var. Blood","fish","鱼类","reviewed_unknown","reviewed_unknown","reviewed_unknown","reviewed_unknown","reviewed_unknown","","catalog_only","standard","0"
"sp_0210","黄金眼镜蛇蛇鱼","Pangio kuhlii var.","fish","鱼类","template_only","needs_research","needs_research","needs_research","reviewed_supported","feeding|environment|space|social","catalog_only","standard","19"
"sp_0211","大点火口","Thorichthys meeki var.","invertebrate","慈鲷/斗鱼","reviewed_unknown","reviewed_unknown","reviewed_unknown","reviewed_unknown","reviewed_unknown","","catalog_only","elevated","3"
"sp_0212","蓝眼金灯","Hemigrammus rodwayi var.","fish","灯科鱼","reviewed_unknown","reviewed_unknown","reviewed_unknown","reviewed_unknown","reviewed_unknown","","catalog_only","standard","0"
"sp_0213","黑线飞狐 (金型)","Crossocheilus langei var. Gold","fish","鱼类","reviewed_unknown","reviewed_unknown","reviewed_unknown","reviewed_unknown","reviewed_unknown","","catalog_only","standard","0"
"sp_0214","白金西非凤凰","Pelvicachromis pulcher var. Albino","fish","慈鲷/斗鱼","reviewed_unknown","reviewed_unknown","reviewed_unknown","reviewed_unknown","reviewed_unknown","","catalog_only","elevated","3"
"sp_0215","长鳍一眉道人","Sahyadria denisonii var. Longfin","fish","鱼类","reviewed_unknown","reviewed_unknown","reviewed_unknown","reviewed_unknown","reviewed_unknown","","catalog_only","standard","0"
"sp_0216","黄金雷龙","Channa aurantimaculata var.","fish","鱼类","reviewed_unknown","reviewed_unknown","reviewed_unknown","reviewed_unknown","reviewed_unknown","","catalog_only","elevated","3"
"sp_0217","白金黑地魔","Geophagus sp. var. Platinum","fish","慈鲷/斗鱼","reviewed_unknown","reviewed_unknown","reviewed_unknown","reviewed_unknown","reviewed_unknown","","catalog_only","elevated","3"
"sp_0218","血心灯","Hyphessobrycon erythrostigma","fish","灯科鱼","reviewed_unknown","reviewed_unknown","reviewed_unknown","reviewed_unknown","reviewed_unknown","","catalog_only","elevated","3"
"sp_0219","球形金波子","Mikrogeophagus ramirezi var. Gold Balloon","fish","慈鲷/斗鱼","reviewed_unknown","reviewed_unknown","reviewed_unknown","reviewed_unknown","reviewed_unknown","","catalog_only","elevated","3"
"sp_0220","白金波子 (球形)","Mikrogeophagus ramirezi var. Platinum Balloon","fish","慈鲷/斗鱼","reviewed_unknown","reviewed_unknown","reviewed_unknown","reviewed_unknown","reviewed_unknown","","catalog_only","elevated","3"
"sp_0221","长鳍阿卡西短鲷","Apistogramma agassizii var. Fire Red","fish","慈鲷/斗鱼","reviewed_unknown","reviewed_unknown","reviewed_unknown","reviewed_unknown","reviewed_unknown","","catalog_only","elevated","3"
"sp_0222","蓝宝鹦鹉 (球形)","Amatitlania nigrofasciata var. Jellybean","fish","慈鲷/斗鱼","needs_research","needs_research","needs_research","inherited_reviewed","reviewed_supported","feeding|environment|space","catalog_only","elevated","18"
"sp_0223","红眼白子雷龙","Channa asiatica var. Albino","fish","鱼类","template_only","needs_research","needs_research","inherited_reviewed","reviewed_supported","feeding|environment|space","catalog_only","elevated","17"
"sp_0224","白金雷龙","Channa argus var. Platinum","fish","鱼类","reviewed_unknown","reviewed_unknown","reviewed_unknown","reviewed_unknown","reviewed_unknown","","launch_cohort","elevated","9"
"sp_0225","大帆红鼻剪刀","Hemigrammus bleheri var. Longfin","fish","灯科鱼","reviewed_unknown","reviewed_unknown","reviewed_unknown","reviewed_unknown","reviewed_unknown","","catalog_only","standard","0"
"sp_0226","白金红鼻剪刀","Hemigrammus bleheri var. Platinum","fish","灯科鱼","reviewed_unknown","reviewed_unknown","reviewed_unknown","reviewed_unknown","reviewed_unknown","","catalog_only","standard","0"
"sp_0227","长鳍红裙鱼","Gymnocorymbus ternetzi var. Longfin","fish","灯科鱼","reviewed_unknown","reviewed_unknown","reviewed_unknown","reviewed_unknown","reviewed_unknown","","catalog_only","elevated","3"
"sp_0228","球形红裙鱼","Gymnocorymbus ternetzi var. Balloon","fish","灯科鱼","reviewed_unknown","reviewed_unknown","reviewed_unknown","reviewed_unknown","reviewed_unknown","","catalog_only","elevated","3"
"sp_0229","白化金苔鼠","Gyrinocheilus aymonieri var. Albino","fish","鲶鱼/异型","reviewed_unknown","reviewed_unknown","reviewed_unknown","reviewed_unknown","reviewed_unknown","","catalog_only","elevated","3"
"sp_0230","大帆黄金胡子","Ancistrus sp. Gold Longfin","fish","鲶鱼/异型","reviewed_unknown","reviewed_unknown","reviewed_unknown","reviewed_unknown","reviewed_unknown","","catalog_only","standard","0"
"sp_0231","红眼白子熊猫鼠","Corydoras panda var. Albino","fish","鲶鱼/异型","reviewed_unknown","reviewed_unknown","reviewed_unknown","reviewed_unknown","reviewed_unknown","","catalog_only","standard","0"
"sp_0232","白金咖啡鼠","Corydoras aeneus var. Platinum","fish","鲶鱼/异型","reviewed_unknown","reviewed_unknown","reviewed_unknown","reviewed_unknown","reviewed_unknown","","catalog_only","standard","0"
"sp_0233","球形珍珠马甲 (红眼)","Trichopodus leerii var. Albino Balloon","fish","鱼类","template_only","needs_research","needs_research","needs_research","reviewed_supported","feeding|environment|space|social","catalog_only","standard","19"
"sp_0234","黄金变色龙 (改良)","Dario dario var. Gold","fish","鱼类","reviewed_unknown","reviewed_unknown","reviewed_unknown","reviewed_unknown","reviewed_unknown","","catalog_only","elevated","3"
"sp_0235","白金黑帝王灯","Nematobrycon palmeri var. Platinum","fish","灯科鱼","reviewed_unknown","reviewed_unknown","reviewed_unknown","reviewed_unknown","reviewed_unknown","","catalog_only","elevated","3"
"sp_0236","红眼白子红剑","Xiphophorus hellerii var. Albino Red","fish","鱼类","reviewed_unknown","reviewed_unknown","reviewed_unknown","reviewed_unknown","reviewed_unknown","","catalog_only","elevated","3"
"sp_0237","高鳍红玛丽","Poecilia latipinna var. High Fin Red","fish","鱼类","reviewed_unknown","reviewed_unknown","reviewed_unknown","reviewed_unknown","reviewed_unknown","","catalog_only","standard","0"
"sp_0238","黑金刚米虾 (极品)","Neocaridina davidi var. Full Black","invertebrate","虾螺蟹","needs_research","needs_research","inherited_reviewed","inherited_reviewed","template_only","feeding|environment|care","catalog_only","elevated","17"
"sp_0239","血腥玛丽米虾","Neocaridina davidi var. Bloody Mary","invertebrate","虾螺蟹","needs_research","needs_research","inherited_reviewed","inherited_reviewed","template_only","feeding|environment|care","catalog_only","elevated","17"
"sp_0240","白金神仙 (长鳍)","Pterophyllum scalare var. Platinum Longfin","fish","慈鲷/斗鱼","reviewed_unknown","reviewed_unknown","reviewed_unknown","reviewed_unknown","reviewed_unknown","","catalog_only","elevated","3"
"sp_0241","大理石神仙 (球形)","Pterophyllum scalare var. Marble Balloon","fish","硬景/底床","reviewed_unknown","reviewed_unknown","reviewed_unknown","reviewed_unknown","reviewed_unknown","","catalog_only","elevated","3"
"sp_0242","红眼白子金龙","Scleropages formosus var. Albino","fish","鱼类","reviewed_unknown","reviewed_unknown","reviewed_unknown","reviewed_unknown","reviewed_unknown","","catalog_only","elevated","3"
"sp_0243","球形血鹦鹉","Cichlasoma var. Blood Parrot Balloon","fish","慈鲷/斗鱼","reviewed_unknown","reviewed_unknown","reviewed_unknown","reviewed_unknown","reviewed_unknown","","catalog_only","elevated","3"
"sp_0244","黄金草尾孔雀","Poecilia reticulata var. Yellow Grass","fish","鱼类","reviewed_unknown","reviewed_unknown","reviewed_unknown","reviewed_unknown","reviewed_unknown","","catalog_only","standard","0"
"sp_0245","红白剑尾孔雀","Poecilia reticulata var. Kohaku","fish","鱼类","reviewed_unknown","reviewed_unknown","reviewed_unknown","reviewed_unknown","reviewed_unknown","","catalog_only","standard","0"
"sp_0246","白子红白孔雀","Poecilia reticulata var. Albino Kohaku","fish","鱼类","reviewed_unknown","reviewed_unknown","reviewed_unknown","reviewed_unknown","reviewed_unknown","","catalog_only","standard","0"
"sp_0247","蓝钻神仙 (球形)","Pterophyllum scalare var. Blue Balloon","fish","慈鲷/斗鱼","reviewed_unknown","reviewed_unknown","reviewed_unknown","reviewed_unknown","reviewed_unknown","","catalog_only","elevated","3"
"sp_0248","黄金战舰","Osphronemus goramy var. Gold","fish","鱼类","reviewed_unknown","reviewed_unknown","reviewed_unknown","reviewed_unknown","reviewed_unknown","","catalog_only","elevated","3"
"sp_0249","红眼金苹果螺","Pomacea bridgesii var. Gold","invertebrate","虾螺蟹","reviewed_unknown","reviewed_unknown","reviewed_unknown","reviewed_unknown","reviewed_unknown","","catalog_only","standard","0"
"sp_0250","蓝珍珠神秘螺","Pomacea bridgesii var. Blue","invertebrate","虾螺蟹","reviewed_unknown","reviewed_unknown","reviewed_unknown","reviewed_unknown","reviewed_unknown","","catalog_only","standard","0"
"sp_0251","紫晶神秘螺","Pomacea bridgesii var. Purple","invertebrate","虾螺蟹","reviewed_unknown","reviewed_unknown","reviewed_unknown","reviewed_unknown","reviewed_unknown","","catalog_only","standard","0"
"sp_0252","白金反游猫","Synodontis nigriventris var. White","fish","鱼类","template_only","needs_research","needs_research","needs_research","reviewed_supported","feeding|environment|space|social","catalog_only","standard","19"
"sp_0253","红纹一眉道人","Sahyadria denisonii var. Red Line","fish","鱼类","reviewed_unknown","reviewed_unknown","reviewed_unknown","reviewed_unknown","reviewed_unknown","","catalog_only","standard","0"
"sp_0254","白金黑线飞狐","Crossocheilus langei var. Platinum","fish","鱼类","reviewed_unknown","reviewed_unknown","reviewed_unknown","reviewed_unknown","reviewed_unknown","","catalog_only","standard","0"
"sp_0255","大帆红衣梦幻旗","Hyphessobrycon sweglesi var. Longfin","fish","灯科鱼","reviewed_unknown","reviewed_unknown","reviewed_unknown","reviewed_unknown","reviewed_unknown","","catalog_only","standard","0"
"sp_0256","红眼白子黑裙鱼","Gymnocorymbus ternetzi var. Albino Red Eye","fish","灯科鱼","reviewed_unknown","reviewed_unknown","reviewed_unknown","reviewed_unknown","reviewed_unknown","","catalog_only","elevated","3"
"sp_0257","黄金斑马异型 (L134改良)","Peckoltia compta var. Gold","fish","鲶鱼/异型","reviewed_unknown","reviewed_unknown","reviewed_unknown","reviewed_unknown","reviewed_unknown","","catalog_only","elevated","3"
"sp_0258","糖果KOI斗鱼","Betta splendens var. Koi","fish","慈鲷/斗鱼","template_only","needs_research","inherited_reviewed","inherited_reviewed","reviewed_supported","feeding|environment","launch_cohort","elevated","18"
"sp_0259","半月斗鱼 (蓝蝴蝶)","Betta splendens var. Halfmoon","fish","慈鲷/斗鱼","template_only","needs_research","inherited_reviewed","inherited_reviewed","reviewed_supported","feeding|environment","catalog_only","elevated","12"
"sp_0260","狮王斗鱼 (红黑)","Betta splendens var. Crowntail","fish","慈鲷/斗鱼","template_only","needs_research","inherited_reviewed","inherited_reviewed","reviewed_supported","feeding|environment","catalog_only","elevated","12"
"sp_0261","大耳半月斗鱼","Betta splendens var. Dumbo Halfmoon","fish","慈鲷/斗鱼","template_only","needs_research","inherited_reviewed","inherited_reviewed","reviewed_supported","feeding|environment","catalog_only","elevated","12"
"sp_0262","将军斗鱼 (蓝龙)","Betta splendens var. Dragon","fish","慈鲷/斗鱼","template_only","needs_research","inherited_reviewed","inherited_reviewed","reviewed_supported","feeding|environment","catalog_only","elevated","12"
"sp_0263","雪中红慈鲷","Maylandia estherae var. Albino","fish","慈鲷/斗鱼","reviewed_unknown","reviewed_unknown","reviewed_unknown","reviewed_unknown","reviewed_unknown","","catalog_only","elevated","3"
"sp_0264","白金阿里慈鲷","Sciaenochromis fryeri var. White","fish","慈鲷/斗鱼","reviewed_unknown","reviewed_unknown","reviewed_unknown","reviewed_unknown","reviewed_unknown","","catalog_only","elevated","3"
"sp_0265","血中红慈鲷","Nimbochromis livingstonii var.","fish","慈鲷/斗鱼","reviewed_unknown","reviewed_unknown","reviewed_unknown","reviewed_unknown","reviewed_unknown","","catalog_only","elevated","3"
"sp_0266","黄金珍珠虎 (改良)","Altolamprologus calvus var. Gold","fish","海水鱼","reviewed_unknown","reviewed_unknown","reviewed_unknown","reviewed_unknown","reviewed_unknown","","catalog_only","elevated","3"
"sp_0267","红头珍珠马甲","Trichopodus leerii var. Red Head","fish","鱼类","template_only","needs_research","needs_research","needs_research","reviewed_supported","feeding|environment|space|social","catalog_only","standard","19"
"sp_0268","球形蓝曼龙","Trichopodus trichopterus var. Blue Balloon","fish","鱼类","reviewed_unknown","reviewed_unknown","reviewed_unknown","reviewed_unknown","reviewed_unknown","","catalog_only","elevated","3"
"sp_0269","球形金曼龙","Trichopodus trichopterus var. Gold Balloon","fish","鱼类","reviewed_unknown","reviewed_unknown","reviewed_unknown","reviewed_unknown","reviewed_unknown","","catalog_only","elevated","3"
"sp_0270","白子红眼关刀","Geophagus surinamensis var. Albino","fish","慈鲷/斗鱼","reviewed_unknown","reviewed_unknown","reviewed_unknown","reviewed_unknown","reviewed_unknown","","catalog_only","elevated","3"
"sp_0271","白子红宝石","Hemichromis bimaculatus var. Albino","fish","硬景/底床","reviewed_unknown","reviewed_unknown","reviewed_unknown","reviewed_unknown","reviewed_unknown","","catalog_only","elevated","3"
"sp_0272","长鳍神仙 (黑)","Pterophyllum scalare var. Black Longfin","fish","慈鲷/斗鱼","reviewed_unknown","reviewed_unknown","reviewed_unknown","reviewed_unknown","reviewed_unknown","","catalog_only","elevated","3"
"sp_0273","血钻短鲷","Apistogramma cacatuoides var. Super Red","fish","慈鲷/斗鱼","reviewed_unknown","reviewed_unknown","reviewed_unknown","reviewed_unknown","reviewed_unknown","","catalog_only","elevated","3"
"sp_0274","黄金米虾 (极品)","Neocaridina davidi var. Neon Gold","invertebrate","虾螺蟹","needs_research","needs_research","inherited_reviewed","inherited_reviewed","template_only","feeding|environment|care","catalog_only","elevated","17"
"sp_0275","血丝米虾","Neocaridina davidi var. Rili","invertebrate","虾螺蟹","needs_research","needs_research","inherited_reviewed","inherited_reviewed","template_only","feeding|environment|care","catalog_only","elevated","17"
"sp_0276","蓝钻米虾","Neocaridina davidi var. Deep Blue","invertebrate","虾螺蟹","needs_research","needs_research","inherited_reviewed","inherited_reviewed","template_only","feeding|environment|care","catalog_only","elevated","17"
"sp_0277","红白水晶虾 (S级)","Caridina cantonensis var. S-Class","invertebrate","虾螺蟹","needs_research","needs_research","inherited_reviewed","inherited_reviewed","template_only","feeding|environment|care","catalog_only","elevated","17"
"sp_0278","黑金刚水晶虾","Caridina cantonensis var. Black King Kong","invertebrate","虾螺蟹","needs_research","needs_research","inherited_reviewed","inherited_reviewed","template_only","feeding|environment|care","catalog_only","elevated","17"
"sp_0279","黄金背蓝丝绒虾","Neocaridina davidi var. Blue Gold Back","invertebrate","虾螺蟹","needs_research","needs_research","inherited_reviewed","inherited_reviewed","template_only","feeding|environment|care","catalog_only","elevated","17"
"sp_0280","黄金胡子 (长鳍)","Ancistrus sp. Gold Longfin","fish","鲶鱼/异型","reviewed_unknown","reviewed_unknown","reviewed_unknown","reviewed_unknown","reviewed_unknown","","catalog_only","standard","0"
"sp_0281","白金胡子 (大帆)","Ancistrus sp. White Longfin","fish","鲶鱼/异型","reviewed_unknown","reviewed_unknown","reviewed_unknown","reviewed_unknown","reviewed_unknown","","catalog_only","standard","0"
"sp_0282","黄金达摩 (改良)","Parancistrus aurantiacus var. Gold","fish","鲶鱼/异型","reviewed_unknown","reviewed_unknown","reviewed_unknown","reviewed_unknown","reviewed_unknown","","catalog_only","elevated","3"
"sp_0283","血红龙","Scleropages formosus var. Super Red","fish","鱼类","reviewed_unknown","reviewed_unknown","reviewed_unknown","reviewed_unknown","reviewed_unknown","","catalog_only","elevated","3"
"sp_0284","白金龙鱼","Scleropages formosus var. Silver Platinum","fish","鱼类","reviewed_unknown","reviewed_unknown","reviewed_unknown","reviewed_unknown","reviewed_unknown","","catalog_only","elevated","3"
"sp_0285","黄金眼镜蛇雷龙 (改良)","Channa aurantimaculata var. Gold","fish","鱼类","reviewed_unknown","reviewed_unknown","reviewed_unknown","reviewed_unknown","reviewed_unknown","","catalog_only","elevated","3"
"sp_0286","幻彩蓝雷龙 (改良)","Channa andrao var. Super Blue","fish","鱼类","reviewed_unknown","reviewed_unknown","reviewed_unknown","reviewed_unknown","reviewed_unknown","","catalog_only","elevated","3"
"sp_0287","球形红鼻灯","Hemigrammus bleheri var. Balloon","fish","灯科鱼","reviewed_unknown","reviewed_unknown","reviewed_unknown","reviewed_unknown","reviewed_unknown","","catalog_only","standard","0"
"sp_0288","白金黑裙鱼 (长鳍)","Gymnocorymbus ternetzi var. Platinum Longfin","fish","灯科鱼","reviewed_unknown","reviewed_unknown","reviewed_unknown","reviewed_unknown","reviewed_unknown","","catalog_only","elevated","3"
"sp_0289","荧光红斑马","Danio rerio var. Glo Red","fish","鱼类","reviewed_unknown","reviewed_unknown","reviewed_unknown","reviewed_unknown","reviewed_unknown","","catalog_only","standard","0"
"sp_0290","荧光绿斑马","Danio rerio var. Glo Green","fish","鱼类","reviewed_unknown","reviewed_unknown","reviewed_unknown","reviewed_unknown","reviewed_unknown","","catalog_only","standard","0"
"sp_0291","荧光橙斑马","Danio rerio var. Glo Orange","fish","鱼类","reviewed_unknown","reviewed_unknown","reviewed_unknown","reviewed_unknown","reviewed_unknown","","catalog_only","standard","0"
"sp_0292","球形金玛丽","Poecilia latipinna var. Gold Balloon","fish","鱼类","reviewed_unknown","reviewed_unknown","reviewed_unknown","reviewed_unknown","reviewed_unknown","","catalog_only","standard","0"
"sp_0293","球形黑玛丽","Poecilia sphenops var. Black Balloon","fish","鱼类","reviewed_unknown","reviewed_unknown","reviewed_unknown","reviewed_unknown","reviewed_unknown","","catalog_only","standard","0"
"sp_0294","红眼白子红裙 (球形)","Gymnocorymbus ternetzi var. Albino Balloon","fish","灯科鱼","reviewed_unknown","reviewed_unknown","reviewed_unknown","reviewed_unknown","reviewed_unknown","","catalog_only","elevated","3"
"sp_0295","长鳍电光美人","Melanotaenia praecox var. Longfin","fish","鱼类","template_only","needs_research","needs_research","needs_research","reviewed_supported","feeding|environment|space|social","catalog_only","standard","19"
"sp_0296","红利鱼 (改良)","Lutjanus kasmira var.","fish","海水鱼","reviewed_unknown","reviewed_unknown","reviewed_unknown","reviewed_unknown","reviewed_unknown","","catalog_only","elevated","3"
"sp_0297","黄金草莓鱼 (海水)","Pseudochromis sp. Gold","fish","海水鱼","reviewed_unknown","reviewed_unknown","reviewed_unknown","reviewed_unknown","reviewed_unknown","","catalog_only","elevated","3"
"sp_0298","迷你矮珍珠","Hemianthus callitrichoides","plant","鱼类","not_applicable","needs_research","needs_research","not_applicable","reviewed_supported","environment|space","catalog_only","standard","10"
"sp_0299","牛毛毡","Eleocharis acicularis","plant","鱼类","not_applicable","needs_research","needs_research","not_applicable","reviewed_supported","environment|space","catalog_only","standard","10"
"sp_0300","挖耳草","Utricularia graminifolia","plant","水草","not_applicable","needs_research","needs_research","not_applicable","reviewed_supported","environment|space","catalog_only","standard","10"
"sp_0301","辣椒榕 (蓝调)","Bucephalandra sp. Blue","plant","水草","not_applicable","needs_research","needs_research","not_applicable","reviewed_supported","environment|space","catalog_only","standard","10"
"sp_0302","迷你水榕","Anubias barteri var. nana 'Petite'","plant","水草","not_applicable","needs_research","needs_research","not_applicable","reviewed_supported","environment|space","catalog_only","standard","10"
"sp_0303","红宫廷","Rotala rotundifolia 'Red'","plant","鱼类","not_applicable","needs_research","needs_research","not_applicable","reviewed_supported","environment|space","catalog_only","standard","10"
"sp_0304","绿宫廷","Rotala rotundifolia 'Green'","plant","鱼类","not_applicable","needs_research","needs_research","not_applicable","reviewed_supported","environment|space","catalog_only","standard","10"
"sp_0305","铁皇冠","Microsorum pteropus","plant","鱼类","not_applicable","needs_research","needs_research","not_applicable","reviewed_supported","environment|space","catalog_only","standard","10"
"sp_0306","黑木蕨","Bolbitis heudelotii","plant","水草","not_applicable","needs_research","needs_research","not_applicable","reviewed_supported","environment|space","catalog_only","standard","10"
"sp_0307","三角莫斯","Vesicularia dubyana","plant","鱼类","not_applicable","needs_research","needs_research","not_applicable","reviewed_supported","environment|space","catalog_only","standard","10"
"sp_0308","凤尾藓","Fissidens fontanus","plant","鱼类","not_applicable","needs_research","needs_research","not_applicable","reviewed_supported","environment|space","catalog_only","standard","10"
"sp_0309","绿温蒂椒草","Cryptocoryne wendtii 'Green'","plant","水草","not_applicable","needs_research","needs_research","not_applicable","reviewed_supported","environment|space","catalog_only","standard","10"
"sp_0310","大叶皇冠","Echinodorus amazonicus","plant","水草","not_applicable","needs_research","needs_research","not_applicable","reviewed_supported","environment|space","catalog_only","standard","10"
"sp_0311","圆心萍","Limnobium laevigatum","plant","水草","not_applicable","needs_research","needs_research","not_applicable","reviewed_supported","environment|space","catalog_only","standard","10"
"sp_0312","红荷根","Nymphaea lotus","plant","鱼类","not_applicable","needs_research","needs_research","not_applicable","reviewed_supported","environment|space","catalog_only","standard","10"
"sp_0313","蜈蚣草","Egeria densa","plant","水草","not_applicable","needs_research","needs_research","not_applicable","reviewed_supported","environment|space","catalog_only","standard","10"
"sp_0314","南美叉柱花","Staurogyne repens","plant","鱼类","not_applicable","needs_research","needs_research","not_applicable","reviewed_supported","environment|space","catalog_only","standard","10"
"sp_0315","红太阴","Ludwigia inclinata var. verticillata","plant","鱼类","not_applicable","needs_research","needs_research","not_applicable","reviewed_supported","environment|space","catalog_only","standard","10"
"sp_0316","绿羽毛","Myriophyllum aquaticum","plant","鱼类","not_applicable","needs_research","needs_research","not_applicable","reviewed_supported","environment|space","catalog_only","standard","10"
"sp_0317","大蜻蜓椒草","Cryptocoryne aponogetifolia","plant","水草","not_applicable","needs_research","needs_research","not_applicable","reviewed_supported","environment|space","catalog_only","standard","10"
"sp_0318","气泡珊瑚","Plerogyra sinuosa","coral","珊瑚/海水无脊椎","reviewed_unknown","reviewed_unknown","reviewed_unknown","reviewed_unknown","reviewed_unknown","","catalog_only","elevated","3"
"sp_0319","火炬珊瑚","Euphyllia glabrescens","coral","珊瑚/海水无脊椎","reviewed_unknown","reviewed_unknown","reviewed_unknown","reviewed_unknown","reviewed_unknown","","catalog_only","elevated","3"
"sp_0320","皮革珊瑚","Sarcophyton sp.","coral","珊瑚/海水无脊椎","template_only","needs_research","needs_research","needs_research","reviewed_supported","feeding|environment|space|social","catalog_only","standard","19"
"sp_0321","草皮珊瑚","Pachyclavularia violacea","coral","珊瑚/海水无脊椎","reviewed_unknown","reviewed_unknown","reviewed_unknown","reviewed_unknown","reviewed_unknown","","catalog_only","elevated","3"
"sp_0322","蛙卵珊瑚","Euphyllia divisas","coral","珊瑚/海水无脊椎","reviewed_unknown","reviewed_unknown","reviewed_unknown","reviewed_unknown","reviewed_unknown","","catalog_only","elevated","3"
"sp_0323","尼罗河珊瑚","Catalaphyllia jardinei","coral","珊瑚/海水无脊椎","reviewed_unknown","reviewed_unknown","reviewed_unknown","reviewed_unknown","reviewed_unknown","","catalog_only","elevated","3"
"sp_0324","红菇珊瑚","Actinodiscus sp.","coral","珊瑚/海水无脊椎","template_only","needs_research","needs_research","needs_research","reviewed_supported","feeding|environment|space|social","catalog_only","standard","19"
"sp_0325","紫点海葵","Heteractis crispa","coral","珊瑚/海水无脊椎","reviewed_unknown","reviewed_unknown","reviewed_unknown","reviewed_unknown","reviewed_unknown","","catalog_only","elevated","3"
"sp_0326","八字脑珊瑚","Trachyphyllia geoffroyi","coral","珊瑚/海水无脊椎","template_only","needs_research","needs_research","needs_research","reviewed_supported","feeding|environment|space|social","catalog_only","standard","19"
"sp_0327","管虫 (五彩)","Sabellastarte sp.","coral","海水鱼","template_only","needs_research","needs_research","needs_research","reviewed_supported","feeding|environment|space|social","catalog_only","standard","19"
"sp_0328","红海星","Fromia milleporella","coral","海水鱼","template_only","needs_research","needs_research","needs_research","reviewed_supported","feeding|environment|space|social","catalog_only","standard","19"
"sp_0329","鹿角珊瑚 (SPS)","Acropora sp.","coral","珊瑚/海水无脊椎","template_only","needs_research","needs_research","needs_research","reviewed_supported","feeding|environment|space|social","catalog_only","standard","19"
"sp_0330","纽扣珊瑚 (动物之森)","Zoanthus sp.","coral","珊瑚/海水无脊椎","template_only","needs_research","needs_research","needs_research","reviewed_supported","feeding|environment|space|social","catalog_only","standard","19"
"sp_0331","太阳花珊瑚","Tubastraea faulkneri","coral","珊瑚/海水无脊椎","template_only","needs_research","needs_research","needs_research","reviewed_supported","feeding|environment|space|social","catalog_only","standard","19"
"sp_0332","幻彩纽扣","Palythoa sp.","fish","海水鱼","template_only","needs_research","needs_research","needs_research","reviewed_supported","feeding|environment|space|social","catalog_only","standard","19"
"sp_0333","蓝地毯海葵","Stichodactyla haddoni Blue","coral","珊瑚/海水无脊椎","reviewed_unknown","reviewed_unknown","reviewed_unknown","reviewed_unknown","reviewed_unknown","","catalog_only","elevated","3"
"sp_0334","长须地毯","Stichodactyla gigantea","fish","海水鱼","reviewed_unknown","reviewed_unknown","reviewed_unknown","reviewed_unknown","reviewed_unknown","","catalog_only","elevated","3"
"sp_0335","丁香珊瑚","Clavularia sp.","coral","珊瑚/海水无脊椎","template_only","needs_research","needs_research","needs_research","reviewed_supported","feeding|environment|space|social","catalog_only","standard","19"
"sp_0336","炮仗花","Tubastraea coccinea","fish","海水鱼","template_only","needs_research","needs_research","needs_research","reviewed_supported","feeding|environment|space|social","catalog_only","standard","19"
"sp_0337","千手珊瑚","Xenia sp.","coral","珊瑚/海水无脊椎","template_only","needs_research","needs_research","needs_research","reviewed_supported","feeding|environment|space|social","catalog_only","standard","19"
"sp_0338","白金西非凤凰","Pelvicachromis pulcher var. Albino","fish","慈鲷/斗鱼","reviewed_unknown","reviewed_unknown","reviewed_unknown","reviewed_unknown","reviewed_unknown","","catalog_only","elevated","3"
"sp_0339","红眼金灯","Hemigrammus rodwayi var. Gold","fish","灯科鱼","reviewed_unknown","reviewed_unknown","reviewed_unknown","reviewed_unknown","reviewed_unknown","","catalog_only","standard","0"
"sp_0340","球形红十字灯","Aphyocharax anisitsi var. Balloon","fish","灯科鱼","reviewed_unknown","reviewed_unknown","reviewed_unknown","reviewed_unknown","reviewed_unknown","","catalog_only","elevated","3"
"sp_0341","长鳍白金黑裙","Gymnocorymbus ternetzi var. Longfin White","fish","灯科鱼","reviewed_unknown","reviewed_unknown","reviewed_unknown","reviewed_unknown","reviewed_unknown","","catalog_only","elevated","3"
"sp_0342","黄金背蓝钻虾","Neocaridina davidi var. Blue Gold","invertebrate","虾螺蟹","needs_research","needs_research","inherited_reviewed","inherited_reviewed","template_only","feeding|environment|care","catalog_only","elevated","17"
"sp_0343","青龙石","Hardscape - Seiryu Stone","hardscape","硬景/底床","not_applicable","not_applicable","not_applicable","not_applicable","not_applicable","","catalog_only","standard","0"
"sp_0344","松皮石","Hardscape - Ohko Stone","hardscape","硬景/底床","not_applicable","not_applicable","not_applicable","not_applicable","not_applicable","","catalog_only","standard","0"
"sp_0345","火山石","Hardscape - Lava Rock","hardscape","硬景/底床","not_applicable","not_applicable","not_applicable","not_applicable","not_applicable","","catalog_only","standard","0"
"sp_0346","沉木 (流木)","Hardscape - Driftwood","hardscape","硬景/底床","not_applicable","not_applicable","not_applicable","not_applicable","not_applicable","","catalog_only","standard","0"
"sp_0347","杜鹃根","Hardscape - Azalea Root","hardscape","鱼类","not_applicable","not_applicable","not_applicable","not_applicable","not_applicable","","catalog_only","standard","0"
"sp_0348","红白虎头金鱼","Carassius auratus var. Tigerhead","fish","鱼类","reviewed_unknown","reviewed_unknown","reviewed_unknown","reviewed_unknown","reviewed_unknown","","catalog_only","standard","0"
"sp_0349","蓝寿 (五花)","Carassius auratus var. Calico Ranchu","fish","鱼类","reviewed_unknown","reviewed_unknown","reviewed_unknown","reviewed_unknown","reviewed_unknown","","catalog_only","standard","0"
"sp_0350","黑狮头金鱼","Carassius auratus var. Black Oranda","fish","鱼类","reviewed_unknown","reviewed_unknown","reviewed_unknown","reviewed_unknown","reviewed_unknown","","catalog_only","standard","0"
"sp_0351","红白蝶尾","Carassius auratus var. Butterfly Tail","fish","鱼类","reviewed_unknown","reviewed_unknown","reviewed_unknown","reviewed_unknown","reviewed_unknown","","catalog_only","standard","0"
"sp_0352","水草泥 (底床)","Hardscape - Aqua Soil","hardscape","水草","not_applicable","not_applicable","not_applicable","not_applicable","not_applicable","","catalog_only","standard","0"
"sp_0353","溪流砂","Hardscape - River Sand","hardscape","硬景/底床","not_applicable","not_applicable","not_applicable","not_applicable","not_applicable","","catalog_only","standard","0"
"sp_0354","细叶皇冠","Echinodorus tenellus","plant","水草","not_applicable","needs_research","needs_research","not_applicable","reviewed_supported","environment|space","catalog_only","standard","10"
"sp_0355","小水兰","Vallisneria nana","plant","鱼类","not_applicable","needs_research","needs_research","not_applicable","reviewed_supported","environment|space","catalog_only","standard","10"
"sp_0356","大水兰","Vallisneria gigantea","plant","鱼类","not_applicable","needs_research","needs_research","not_applicable","reviewed_supported","environment|space","catalog_only","standard","10"
"sp_0357","莫斯墙 (大三角)","Vesicularia sp. Giant","plant","鱼类","not_applicable","needs_research","needs_research","not_applicable","reviewed_supported","environment|space","catalog_only","standard","10"
"sp_0358","红尾玻璃灯 (改良)","Prionobrama filigera var.","fish","灯科鱼","reviewed_unknown","reviewed_unknown","reviewed_unknown","reviewed_unknown","reviewed_unknown","","catalog_only","standard","0"
"sp_0359","红眼蓝钻灯","Boehlkea fredcochui var. Blue","fish","灯科鱼","reviewed_unknown","reviewed_unknown","reviewed_unknown","reviewed_unknown","reviewed_unknown","","catalog_only","elevated","3"
"sp_0360","白金黑霓虹灯","Hyphessobrycon herbertaxelrodi var.","fish","灯科鱼","reviewed_unknown","reviewed_unknown","reviewed_unknown","reviewed_unknown","reviewed_unknown","","catalog_only","standard","0"
"sp_0361","长鳍白云金丝 (改良)","Tanichthys albonubes var.","fish","鱼类","template_only","needs_research","needs_research","needs_research","reviewed_supported","feeding|environment|space|social","catalog_only","standard","19"
"sp_0362","黄金灯","Hemigrammus rodwayi","fish","灯科鱼","reviewed_unknown","reviewed_unknown","reviewed_unknown","reviewed_unknown","reviewed_unknown","","catalog_only","standard","0"
"sp_0363","荧光紫斑马","Danio rerio var. Glo Purple","fish","鱼类","reviewed_unknown","reviewed_unknown","reviewed_unknown","reviewed_unknown","reviewed_unknown","","catalog_only","standard","0"
"sp_0364","荧光粉斑马","Danio rerio var. Glo Pink","fish","鱼类","reviewed_unknown","reviewed_unknown","reviewed_unknown","reviewed_unknown","reviewed_unknown","","catalog_only","standard","0"
"sp_0365","红利鱼 (长鳍型)","Lutjanus kasmira var.","fish","海水鱼","reviewed_unknown","reviewed_unknown","reviewed_unknown","reviewed_unknown","reviewed_unknown","","catalog_only","elevated","3"
"sp_0366","五彩青蛙 (改良型)","Synchiropus splendidus var.","fish","海水鱼","template_only","needs_research","needs_research","needs_research","reviewed_supported","feeding|environment|space|social","catalog_only","standard","19"
"sp_0367","雪花纽扣珊瑚","Zoanthus sp. Snowflake","coral","珊瑚/海水无脊椎","template_only","needs_research","needs_research","needs_research","reviewed_supported","feeding|environment|space|social","catalog_only","standard","19"
"sp_0368","荧光绿尼罗河珊瑚","Catalaphyllia jardinei var. Green","coral","珊瑚/海水无脊椎","reviewed_unknown","reviewed_unknown","reviewed_unknown","reviewed_unknown","reviewed_unknown","","catalog_only","elevated","3"
"sp_0369","糖果脑珊瑚","Micromussa lordhowensis","coral","珊瑚/海水无脊椎","template_only","needs_research","needs_research","needs_research","reviewed_supported","feeding|environment|space|social","catalog_only","standard","19"
"sp_0370","海葵 (红奶嘴)","Entacmaea quadricolor var. Red","coral","珊瑚/海水无脊椎","reviewed_unknown","reviewed_unknown","reviewed_unknown","reviewed_unknown","reviewed_unknown","","catalog_only","elevated","3"
"sp_0371","蓝海绵","Haliclona sp. Blue","coral","海水鱼","template_only","needs_research","needs_research","needs_research","reviewed_supported","feeding|environment|space|social","catalog_only","standard","19"
"sp_0372","球形蓝宝石鱼","Andinoacara pulcher var. Balloon","fish","硬景/底床","reviewed_unknown","reviewed_unknown","reviewed_unknown","reviewed_unknown","reviewed_unknown","","catalog_only","elevated","3"
"sp_0373","球形红宝石鱼","Hemichromis bimaculatus var. Balloon","fish","硬景/底床","reviewed_unknown","reviewed_unknown","reviewed_unknown","reviewed_unknown","reviewed_unknown","","catalog_only","elevated","3"
"sp_0374","球形地图鱼","Astronotus ocellatus var. Balloon","fish","慈鲷/斗鱼","reviewed_unknown","reviewed_unknown","reviewed_unknown","reviewed_unknown","reviewed_unknown","","catalog_only","elevated","3"
"sp_0375","白金黑霓虹灯 (球形)","Hyphessobrycon herbertaxelrodi var. Balloon","fish","灯科鱼","reviewed_unknown","reviewed_unknown","reviewed_unknown","reviewed_unknown","reviewed_unknown","","catalog_only","standard","0"
"sp_0376","黄金斑马异型 (L134改良版)","Peckoltia compta var. Super Gold","fish","鲶鱼/异型","reviewed_unknown","reviewed_unknown","reviewed_unknown","reviewed_unknown","reviewed_unknown","","catalog_only","elevated","3"
"sp_0377","海月水母","Aurelia aurita","coral","水母","template_only","needs_research","needs_research","needs_research","reviewed_supported","feeding|environment|space|social","catalog_only","standard","19"
"sp_0378","赤月水母","Aurelia coerulea","coral","水母","template_only","needs_research","needs_research","needs_research","reviewed_supported","feeding|environment|space|social","catalog_only","standard","19"
"sp_0379","大西洋海刺水母","Chrysaora quinquecirrha","coral","水母","reviewed_unknown","reviewed_unknown","reviewed_unknown","reviewed_unknown","reviewed_unknown","","catalog_only","elevated","3"
"sp_0380","澳洲斑点水母","Phyllorhiza punctata","coral","水母","template_only","needs_research","needs_research","needs_research","reviewed_supported","feeding|environment|space|social","catalog_only","standard","19"
"sp_0381","倒立水母","Cassiopea andromeda","coral","水母","template_only","needs_research","needs_research","needs_research","reviewed_supported","feeding|environment|space|social","catalog_only","standard","19"
"sp_0382","黑星海刺水母","Chrysaora melanaster","coral","水母","reviewed_unknown","reviewed_unknown","reviewed_unknown","reviewed_unknown","reviewed_unknown","","catalog_only","elevated","3"
"sp_0383","蛋黄水母","Cotylorhiza tuberculata","coral","水母","template_only","needs_research","needs_research","needs_research","reviewed_supported","feeding|environment|space|social","catalog_only","standard","19"
"sp_0384","天草水母","Sanderia malayensis","coral","水母","reviewed_unknown","reviewed_unknown","reviewed_unknown","reviewed_unknown","reviewed_unknown","","catalog_only","elevated","3"
"sp_0385","雪白金金鱼 (改良)","Carassius auratus var. White Gold","fish","鱼类","reviewed_unknown","reviewed_unknown","reviewed_unknown","reviewed_unknown","reviewed_unknown","","catalog_only","standard","0"
"sp_0386","黑金刚龙睛","Carassius auratus var. Black Moor","fish","鱼类","reviewed_unknown","reviewed_unknown","reviewed_unknown","reviewed_unknown","reviewed_unknown","","catalog_only","standard","0"
"sp_0387","熊猫蝶尾 (极品)","Carassius auratus var. Panda Butterfly","fish","鱼类","reviewed_unknown","reviewed_unknown","reviewed_unknown","reviewed_unknown","reviewed_unknown","","catalog_only","standard","0"
"sp_0388","血钻神仙 (改良)","Pterophyllum scalare var. Super Red","fish","慈鲷/斗鱼","reviewed_unknown","reviewed_unknown","reviewed_unknown","reviewed_unknown","reviewed_unknown","","catalog_only","elevated","3"
"sp_0389","白金半月斗鱼","Betta splendens var. Platinum","fish","慈鲷/斗鱼","template_only","needs_research","inherited_reviewed","inherited_reviewed","reviewed_supported","feeding|environment","catalog_only","elevated","12"
"sp_0390","红白狮头斗鱼","Betta splendens var. Kohaku Crown","fish","慈鲷/斗鱼","template_only","needs_research","inherited_reviewed","inherited_reviewed","reviewed_supported","feeding|environment","catalog_only","elevated","12"
"sp_0391","蓝龙将军斗鱼","Betta splendens var. Blue Dragon","fish","慈鲷/斗鱼","template_only","needs_research","inherited_reviewed","inherited_reviewed","reviewed_supported","feeding|environment","catalog_only","elevated","12"
"sp_0392","黄金胡子 (雪花型)","Ancistrus sp. Snowflake Gold","fish","鲶鱼/异型","reviewed_unknown","reviewed_unknown","reviewed_unknown","reviewed_unknown","reviewed_unknown","","catalog_only","standard","0"
"sp_0393","大帆白金红裙","Gymnocorymbus ternetzi var. Platinum Longfin","fish","灯科鱼","reviewed_unknown","reviewed_unknown","reviewed_unknown","reviewed_unknown","reviewed_unknown","","catalog_only","elevated","3"
"sp_0394","荧光橙经鱼","Gymnocorymbus ternetzi var. Glo Orange","fish","灯科鱼","reviewed_unknown","reviewed_unknown","reviewed_unknown","reviewed_unknown","reviewed_unknown","","catalog_only","elevated","3"
"sp_0395","黄金大帆飞狐","Crossocheilus langei var. Gold Longfin","fish","鱼类","reviewed_unknown","reviewed_unknown","reviewed_unknown","reviewed_unknown","reviewed_unknown","","catalog_only","standard","0"
"sp_0396","蓝珍珠米虾","Neocaridina davidi var. Blue Pearl","invertebrate","虾螺蟹","needs_research","needs_research","inherited_reviewed","inherited_reviewed","template_only","feeding|environment|care","catalog_only","elevated","17"
"sp_0397","红白水晶虾 (SSS级)","Caridina cantonensis var. Flower","invertebrate","虾螺蟹","needs_research","needs_research","inherited_reviewed","inherited_reviewed","template_only","feeding|environment|care","catalog_only","elevated","17"
"sp_0398","黑金刚水晶虾 (多纹)","Caridina cantonensis var. Panda","invertebrate","虾螺蟹","needs_research","needs_research","inherited_reviewed","inherited_reviewed","template_only","feeding|environment|care","catalog_only","elevated","17"
"sp_0399","白金蓝魔鬼 (海水)","Chrysiptera cyanea var. Platinum","fish","海水鱼","reviewed_unknown","reviewed_unknown","reviewed_unknown","reviewed_unknown","reviewed_unknown","","catalog_only","elevated","3"
"sp_0400","荧光绿尼罗河珊瑚 (改良)","Catalaphyllia jardinei var. Ultra Green","coral","珊瑚/海水无脊椎","reviewed_unknown","reviewed_unknown","reviewed_unknown","reviewed_unknown","reviewed_unknown","","catalog_only","elevated","3"
"sp_0401","红奶嘴海葵 (分裂种)","Entacmaea quadricolor var. Rose","coral","珊瑚/海水无脊椎","reviewed_unknown","reviewed_unknown","reviewed_unknown","reviewed_unknown","reviewed_unknown","","catalog_only","elevated","3"
"sp_0402","绿地毯海葵 (长须)","Stichodactyla gigantea var. Green","coral","珊瑚/海水无脊椎","reviewed_unknown","reviewed_unknown","reviewed_unknown","reviewed_unknown","reviewed_unknown","","catalog_only","elevated","3"
"sp_0403","黄金纽扣珊瑚 (大规格)","Zoanthus sp. Gold Center","coral","珊瑚/海水无脊椎","template_only","needs_research","needs_research","needs_research","reviewed_supported","feeding|environment|space|social","catalog_only","standard","19"
"sp_0404","紫晶八字脑珊瑚","Trachyphyllia geoffroyi var. Purple","coral","珊瑚/海水无脊椎","template_only","needs_research","needs_research","needs_research","reviewed_supported","feeding|environment|space|social","catalog_only","standard","19"
"sp_0405","红炮仗花珊瑚","Tubastraea coccinea var. Red","coral","珊瑚/海水无脊椎","template_only","needs_research","needs_research","needs_research","reviewed_supported","feeding|environment|space|social","catalog_only","standard","19"
"sp_0406","五彩青蛙 (大规格改良)","Synchiropus splendidus var. XL","fish","海水鱼","template_only","needs_research","needs_research","needs_research","reviewed_supported","feeding|environment|space|social","catalog_only","standard","19"
"sp_0407","血红龙 (A级)","Scleropages formosus var. Blood Red A","fish","鱼类","reviewed_unknown","reviewed_unknown","reviewed_unknown","reviewed_unknown","reviewed_unknown","","catalog_only","elevated","3"
"sp_0408","金头过背金龙","Scleropages formosus var. Gold Head","fish","鱼类","reviewed_unknown","reviewed_unknown","reviewed_unknown","reviewed_unknown","reviewed_unknown","","catalog_only","elevated","3"
"sp_0409","白子黑白魟","Potamotrygon leopoldi var. Albino","fish","鱼类","reviewed_unknown","reviewed_unknown","reviewed_unknown","reviewed_unknown","reviewed_unknown","","catalog_only","elevated","3"
"sp_0410","皇冠黑白魟 (点位改良)","Potamotrygon leopoldi var. Eclipse","fish","鱼类","reviewed_unknown","reviewed_unknown","reviewed_unknown","reviewed_unknown","reviewed_unknown","","catalog_only","elevated","3"
"sp_0411","蓝宝石雷龙 (特级选育)","Channa stewartii var. Karbi Anglong","fish","硬景/底床","reviewed_unknown","reviewed_unknown","reviewed_unknown","reviewed_unknown","reviewed_unknown","","catalog_only","elevated","3"
"sp_0412","幻彩红雷龙 (改良)","Channa andrao var. Red","fish","鱼类","reviewed_unknown","reviewed_unknown","reviewed_unknown","reviewed_unknown","reviewed_unknown","","catalog_only","elevated","3"
"sp_0413","黄金眼镜蛇蛇鱼 (长鳍)","Pangio kuhlii var. Longfin","fish","鱼类","template_only","needs_research","needs_research","needs_research","reviewed_supported","feeding|environment|space|social","catalog_only","standard","19"
"sp_0414","白金黑帝魔 (长鳍)","Geophagus sp. var. Longfin Platinum","fish","慈鲷/斗鱼","reviewed_unknown","reviewed_unknown","reviewed_unknown","reviewed_unknown","reviewed_unknown","","catalog_only","elevated","3"
"sp_0415","红眼白子红剑 (高鳍)","Xiphophorus hellerii var. High Fin","fish","鱼类","reviewed_unknown","reviewed_unknown","reviewed_unknown","reviewed_unknown","reviewed_unknown","","catalog_only","elevated","3"
"sp_0416","球形蓝宝石鱼 (特级)","Andinoacara pulcher var. Super Balloon","fish","硬景/底床","reviewed_unknown","reviewed_unknown","reviewed_unknown","reviewed_unknown","reviewed_unknown","","catalog_only","elevated","3"
"sp_0417","血钻波子 (球形)","Mikrogeophagus ramirezi var. Super Red Balloon","fish","慈鲷/斗鱼","reviewed_unknown","reviewed_unknown","reviewed_unknown","reviewed_unknown","reviewed_unknown","","catalog_only","elevated","3"
"sp_0418","黄金大帆胡子 (红眼)","Ancistrus sp. Albino Longfin","fish","鲶鱼/异型","reviewed_unknown","reviewed_unknown","reviewed_unknown","reviewed_unknown","reviewed_unknown","","catalog_only","standard","0"
"sp_0419","荧光橙斑马 (长鳍)","Danio rerio var. Glo Orange Longfin","fish","鱼类","reviewed_unknown","reviewed_unknown","reviewed_unknown","reviewed_unknown","reviewed_unknown","","catalog_only","standard","0"
"sp_0420","球形金曼龙 (大规格)","Trichopodus trichopterus var. Balloon Gold XL","fish","鱼类","reviewed_unknown","reviewed_unknown","reviewed_unknown","reviewed_unknown","reviewed_unknown","","catalog_only","elevated","3"
"sp_0421","白金黑裙 (球形长鳍)","Gymnocorymbus ternetzi var. Platinum Balloon Longfin","fish","灯科鱼","reviewed_unknown","reviewed_unknown","reviewed_unknown","reviewed_unknown","reviewed_unknown","","catalog_only","elevated","3"
"sp_0422","火山石景观板","Hardscape - Lava Plate","hardscape","硬景/底床","not_applicable","not_applicable","not_applicable","not_applicable","not_applicable","","catalog_only","standard","0"
"sp_0423","青龙石景观组","Hardscape - Iwagumi Set","hardscape","硬景/底床","not_applicable","not_applicable","not_applicable","not_applicable","not_applicable","","catalog_only","standard","0"
"sp_0424","南美沉木景观树","Hardscape - Bonsai Wood","hardscape","硬景/底床","not_applicable","not_applicable","not_applicable","not_applicable","not_applicable","","catalog_only","standard","0"
"sp_0425","ADA风格化妆砂","Hardscape - Cosmetic Sand","hardscape","硬景/底床","not_applicable","not_applicable","not_applicable","not_applicable","not_applicable","","catalog_only","standard","0"
"sp_0426","极地白云金丝","Tanichthys albonubes var. Polar","fish","鱼类","template_only","needs_research","needs_research","needs_research","reviewed_supported","feeding|environment|space|social","catalog_only","standard","19"
"sp_0427","大和藻虾","Caridina multidentata","invertebrate","虾螺蟹","template_only","needs_research","needs_research","needs_research","reviewed_supported","feeding|environment|space|social","catalog_only","standard","19"
"sp_0428","斑马螺","Neritina natalensis","invertebrate","虾螺蟹","reviewed_unknown","reviewed_unknown","reviewed_unknown","reviewed_unknown","reviewed_unknown","","launch_cohort","elevated","9"
"sp_0429","神秘螺","Pomacea bridgesii","invertebrate","虾螺蟹","reviewed_unknown","reviewed_unknown","reviewed_unknown","reviewed_unknown","reviewed_unknown","","catalog_only","standard","0"
"sp_0430","杀手螺","Anentome helena","invertebrate","虾螺蟹","reviewed_unknown","reviewed_unknown","reviewed_unknown","reviewed_unknown","reviewed_unknown","","catalog_only","elevated","3"
"sp_0431","红绿灯","Paracheirodon innesi","fish","灯科鱼","reviewed_unknown","needs_research","reviewed_supported","reviewed_supported","reviewed_unknown","environment","launch_cohort","elevated","14"
"sp_0432","宝莲灯","Paracheirodon axelrodi","fish","灯科鱼","reviewed_unknown","needs_research","reviewed_supported","reviewed_supported","reviewed_unknown","environment","launch_cohort","elevated","14"
"sp_0433","红鼻剪刀","Hemigrammus rhodostomus","fish","灯科鱼","needs_research","reviewed_supported","reviewed_supported","reviewed_supported","template_only","feeding|care","launch_cohort","elevated","18"
"sp_0434","白云金丝","Tanichthys albonubes","fish","鱼类","template_only","needs_research","reviewed_supported","reviewed_supported","reviewed_supported","feeding|environment","launch_cohort","elevated","18"
"sp_0435","斑马鱼","Danio rerio","fish","鱼类","reviewed_unknown","needs_research","reviewed_supported","reviewed_supported","reviewed_unknown","environment","launch_cohort","elevated","14"
"sp_0436","孔雀鱼","Poecilia reticulata","fish","鱼类","reviewed_unknown","needs_research","reviewed_supported","reviewed_supported","reviewed_unknown","environment","launch_cohort","elevated","14"
"sp_0437","玛丽鱼","Poecilia sphenops","fish","鱼类","needs_research","reviewed_supported","reviewed_supported","reviewed_supported","reviewed_supported","feeding","launch_cohort","elevated","14"
"sp_0438","红剑鱼","Xiphophorus hellerii","fish","鱼类","needs_research","reviewed_supported","reviewed_supported","reviewed_supported","reviewed_supported","feeding","launch_cohort","elevated","14"
"sp_0439","虎皮鱼","Puntigrus tetrazona","fish","鱼类","needs_research","needs_research","reviewed_supported","reviewed_supported","reviewed_supported","feeding|environment","launch_cohort","elevated","19"
"sp_0440","一眉道人","Sahyadria denisonii","fish","鱼类","needs_research","reviewed_supported","reviewed_supported","reviewed_supported","reviewed_supported","feeding","catalog_only","elevated","8"
"sp_0441","金苔鼠","Gyrinocheilus aymonieri","fish","鲶鱼/异型","reviewed_unknown","reviewed_unknown","reviewed_unknown","reviewed_unknown","reviewed_unknown","","catalog_only","elevated","3"
"sp_0442","青苔鼠","Gyrinocheilus aymonieri var.","fish","鲶鱼/异型","reviewed_unknown","reviewed_unknown","reviewed_unknown","reviewed_unknown","reviewed_unknown","","catalog_only","elevated","3"
"sp_0443","熊猫鼠","Corydoras panda","fish","鲶鱼/异型","reviewed_unknown","needs_research","reviewed_supported","reviewed_supported","reviewed_unknown","environment","launch_cohort","elevated","14"
"sp_0444","珍珠马甲","Trichopodus leerii","fish","鱼类","template_only","reviewed_supported","reviewed_supported","reviewed_supported","reviewed_supported","feeding","launch_cohort","elevated","13"
"sp_0445","蓝曼龙","Trichopodus trichopterus var.","fish","鱼类","reviewed_unknown","reviewed_unknown","reviewed_unknown","reviewed_unknown","reviewed_unknown","","catalog_only","elevated","3"
"sp_0446","天使鱼（神仙鱼）","Pterophyllum scalare","fish","慈鲷/斗鱼","template_only","needs_research","reviewed_supported","reviewed_supported","reviewed_supported","feeding|environment","launch_cohort","elevated","18"
"sp_0447","七彩神仙鱼（七彩鱼）","Symphysodon aequifasciatus","fish","慈鲷/斗鱼","needs_research","reviewed_supported","reviewed_supported","reviewed_supported","reviewed_supported","feeding","launch_cohort","elevated","14"
"sp_0448","荷兰凤凰","Mikrogeophagus ramirezi","fish","慈鲷/斗鱼","needs_research","reviewed_supported","reviewed_supported","reviewed_supported","reviewed_supported","feeding","catalog_only","elevated","8"
"sp_0449","非洲王子","Labidochromis caeruleus","fish","慈鲷/斗鱼","reviewed_unknown","reviewed_unknown","reviewed_unknown","reviewed_unknown","reviewed_unknown","","catalog_only","elevated","3"
"sp_0450","蓝宝石鱼","Andinoacara pulcher","fish","硬景/底床","reviewed_unknown","reviewed_unknown","reviewed_unknown","reviewed_unknown","reviewed_unknown","","catalog_only","elevated","3"
"sp_0451","地图鱼","Astronotus ocellatus","fish","慈鲷/斗鱼","needs_research","reviewed_supported","reviewed_supported","reviewed_supported","reviewed_supported","feeding","launch_cohort","elevated","14"
"sp_0452","公子小丑","Amphiprion ocellaris","fish","海水鱼","reviewed_unknown","reviewed_unknown","reviewed_unknown","reviewed_unknown","reviewed_unknown","","catalog_only","elevated","3"
"sp_0453","长鼻狮子鱼","Pterois volitans","fish","海水鱼","reviewed_unknown","reviewed_unknown","reviewed_unknown","reviewed_unknown","reviewed_unknown","","catalog_only","elevated","3"
"sp_0454","大和藻虾","Caridina multidentata","invertebrate","虾螺蟹","template_only","needs_research","needs_research","needs_research","reviewed_supported","feeding|environment|space|social","catalog_only","standard","19"
"sp_0455","斑马螺","Neritina natalensis","invertebrate","虾螺蟹","needs_research","needs_research","inherited_reviewed","inherited_reviewed","template_only","feeding|environment|care","catalog_only","elevated","17"
"sp_0456","神秘螺","Pomacea bridgesii","invertebrate","虾螺蟹","reviewed_unknown","reviewed_unknown","reviewed_unknown","reviewed_unknown","reviewed_unknown","","catalog_only","standard","0"
"sp_0457","杀手螺","Anentome helena","invertebrate","虾螺蟹","reviewed_unknown","reviewed_unknown","reviewed_unknown","reviewed_unknown","reviewed_unknown","","catalog_only","elevated","3"
"sp_0458","玻璃猫鱼","Kryptopterus vitreolus","fish","鱼类","template_only","needs_research","needs_research","needs_research","reviewed_supported","feeding|environment|space|social","catalog_only","standard","19"
"sp_0459","黑壳虾","Neocaridina davidi wild type","invertebrate","虾螺蟹","reviewed_unknown","reviewed_unknown","reviewed_unknown","reviewed_unknown","reviewed_unknown","","launch_cohort","elevated","9"
"sp_0460","巴西龟","Trachemys scripta elegans","reptile","龟类","template_only","needs_research","needs_research","needs_research","reviewed_supported","feeding|environment|space|social","catalog_only","standard","19"
"sp_0461","草龟","Chinemys reevesii","reptile","龟类","template_only","needs_research","needs_research","needs_research","reviewed_supported","feeding|environment|space|social","catalog_only","standard","19"
"sp_0462","花龟","Mauremys sinensis","reptile","龟类","template_only","needs_research","needs_research","needs_research","reviewed_supported","feeding|environment|space|social","catalog_only","standard","19"
"sp_0463","剃刀麝香龟","Sternotherus carinatus","reptile","龟类","template_only","needs_research","needs_research","needs_research","reviewed_supported","feeding|environment|space|social","catalog_only","standard","19"
"sp_0464","巨蛋麝香龟","Staurotypus salvinii","reptile","龟类","template_only","needs_research","needs_research","needs_research","reviewed_supported","feeding|environment|space|social","catalog_only","standard","19"
"sp_0465","猪鼻龟","Carettochelys insculpta","reptile","龟类","template_only","needs_research","needs_research","needs_research","reviewed_supported","feeding|environment|space|social","catalog_only","standard","19"
"sp_0466","蛋龟 (密西西比)","Sternotherus odoratus","reptile","龟类","template_only","needs_research","needs_research","needs_research","reviewed_supported","feeding|environment|space|social","catalog_only","standard","19"
"sp_0467","黑尾大勾","Hyphessobrycon megalopterus","fish","灯科鱼","template_only","needs_research","needs_research","needs_research","reviewed_supported","feeding|environment|space|social","catalog_only","standard","19"
"sp_0468","金三角灯","Trigonostigma heteromorpha","fish","灯科鱼","template_only","reviewed_supported","reviewed_supported","reviewed_supported","reviewed_supported","feeding","launch_cohort","elevated","13"
"sp_0469","喷火灯","Hyphessobrycon amandae","fish","灯科鱼","needs_research","reviewed_supported","reviewed_supported","reviewed_supported","reviewed_supported","feeding","catalog_only","elevated","8"
"sp_0470","黑莲灯","Hyphessobrycon herbertaxelrodi","fish","灯科鱼","template_only","needs_research","needs_research","needs_research","reviewed_supported","feeding|environment|space|social","catalog_only","standard","19"
"sp_0471","钻石灯","Moenkhausia pittieri","fish","灯科鱼","template_only","needs_research","needs_research","needs_research","reviewed_supported","feeding|environment|space|social","catalog_only","standard","19"
"sp_0472","企鹅灯","Thayeria boehlkei","fish","灯科鱼","template_only","needs_research","needs_research","needs_research","reviewed_supported","feeding|environment|space|social","catalog_only","standard","19"
"sp_0473","红肚铅笔鱼","Nannostomus beckfordi","fish","灯科鱼","template_only","needs_research","needs_research","needs_research","reviewed_supported","feeding|environment|space|social","catalog_only","standard","19"
"sp_0474","观背青鳉","Oryzias latipes var.","fish","鱼类","template_only","needs_research","needs_research","needs_research","reviewed_supported","feeding|environment|space|social","catalog_only","standard","19"
"sp_0475","高体鳑鲏","Rhodeus ocellatus","fish","鱼类","reviewed_unknown","reviewed_supported","reviewed_supported","reviewed_unknown","reviewed_unknown","","launch_cohort","elevated","9"
"sp_0476","苹果螺","Pomacea diffusa","invertebrate","虾螺蟹","template_only","needs_research","needs_research","needs_research","reviewed_supported","feeding|environment|space|social","catalog_only","standard","19"
"sp_0477","趴地珍珠","Glossostigma elatinoides","plant","水草","not_applicable","needs_research","needs_research","not_applicable","reviewed_supported","environment|space","catalog_only","standard","10"
"sp_0478","迷你牛毛毡","Eleocharis parvula","plant","水草","not_applicable","needs_research","needs_research","not_applicable","reviewed_supported","environment|space","catalog_only","standard","10"
"sp_0479","红蝴蝶","Alternanthera reineckii","plant","水草","not_applicable","needs_research","needs_research","not_applicable","reviewed_supported","environment|space","catalog_only","standard","10"
"sp_0480","小对叶","Bacopa monnieri","plant","水草","not_applicable","needs_research","needs_research","not_applicable","reviewed_supported","environment|space","catalog_only","standard","10"
"sp_0481","水罗兰","Hygrophila difformis","plant","水草","not_applicable","needs_research","needs_research","not_applicable","reviewed_supported","environment|space","catalog_only","standard","10"
"sp_0482","红丁香","Ludwigia repens","plant","水草","not_applicable","needs_research","needs_research","not_applicable","reviewed_supported","environment|space","catalog_only","standard","10"
"sp_0483","红雨伞","Proserpinaca palustris","plant","水草","not_applicable","needs_research","needs_research","not_applicable","reviewed_supported","environment|space","catalog_only","standard","10"
"sp_0484","红根浮萍","Phyllanthus fluitans","plant","水草","not_applicable","needs_research","needs_research","not_applicable","reviewed_supported","environment|space","catalog_only","standard","10"
"sp_0485","水芹","Ceratopteris thalictroides","plant","水草","not_applicable","needs_research","needs_research","not_applicable","reviewed_supported","environment|space","catalog_only","standard","10"
"sp_0486","小慈菇","Sagittaria subulata","plant","水草","not_applicable","needs_research","needs_research","not_applicable","reviewed_supported","environment|space","catalog_only","standard","10"
